image_path,class,predicted_class,Mild_Demented,Moderate_Demented,Non_Demented,Very_Mild_Demented
Benchmark\Non_Demented\non_871.jpg,Non_Demented,Non_Demented,-0.22544034129186272,0.8510673626006668,3.209695362819232,2.181893567099732
Benchmark\Non_Demented\non_3104.jpg,Non_Demented,Very_Mild_Demented,1.0852401059379755,-0.23282189920644378,2.1343394437117342,3.188260599261898
Benchmark\Very_Mild_Demented\augmented_80_verymild_136.jpg,Very_Mild_Demented,Mild_Demented,3.2351562797033093,0.87201340138222,-0.23172452748401065,2.112377885570965
Benchmark\Very_Mild_Demented\augmented_123_verymild_2182.jpg,Very_Mild_Demented,Mild_Demented,3.2434466532323953,2.0467045762276896,-0.24710206278247004,0.9980963602761348
Benchmark\Moderate_Demented\augmented_182_moderate_53.jpg,Moderate_Demented,Mild_Demented,3.197102386507914,0.8509350469896223,-0.20614051355337557,2.1652228789016554
Benchmark\Mild_Demented\augmented_150_mild_261.jpg,Mild_Demented,Mild_Demented,3.242619698680919,0.9792625145273872,-0.2460717566865835,2.058238886234037
Benchmark\Non_Demented\non_3193.jpg,Non_Demented,Mild_Demented,3.2061826144161274,-0.2188618837023042,0.8739112802165709,2.157781902115108
Benchmark\Very_Mild_Demented\verymild_1812.jpg,Very_Mild_Demented,Mild_Demented,3.1125571523653415,-0.18299666818201418,0.9717478159180274,2.148150876797409
Benchmark\Mild_Demented\augmented_25_mild_523.jpg,Mild_Demented,Mild_Demented,3.2358928912118503,0.9617896120410127,-0.24369426421548626,2.0997751858319886
Benchmark\Moderate_Demented\augmented_11_moderate_38.jpg,Moderate_Demented,Mild_Demented,3.2059413266233863,0.849924650910804,-0.2161021830265708,2.1703914659802312
Benchmark\Non_Demented\non_1703.jpg,Non_Demented,Non_Demented,-0.24807412196367878,0.8312633803108127,3.245966350550356,2.1760616037500133
Benchmark\Non_Demented\non_1611.jpg,Non_Demented,Very_Mild_Demented,-0.18926145555404322,0.9333337092674067,2.065307443899631,3.189655001018166
Benchmark\Mild_Demented\augmented_100_mild_408.jpg,Mild_Demented,Mild_Demented,3.242217388738255,0.9318377897072758,-0.24168486252496404,2.063600994367289
Benchmark\Very_Mild_Demented\verymild_1418.jpg,Very_Mild_Demented,Mild_Demented,3.0559321056351187,0.9224650844382862,-0.15375014838526727,2.1630594626197635
Benchmark\Moderate_Demented\augmented_238_moderate_23.jpg,Moderate_Demented,Mild_Demented,3.241932712798556,0.9758676162699038,-0.2459969030737569,2.0661874863763834
Benchmark\Moderate_Demented\augmented_179_moderate_38.jpg,Moderate_Demented,Very_Mild_Demented,0.8765731371358221,-0.15844842672952222,1.9950021093600259,3.2004913137243247
Benchmark\Mild_Demented\mild_78.jpg,Mild_Demented,Mild_Demented,3.235006521508642,-0.2136214516165867,0.7955098333591295,2.165113369951751
Benchmark\Very_Mild_Demented\augmented_166_verymild_1284.jpg,Very_Mild_Demented,Mild_Demented,3.2261620745355803,0.8629658331976864,-0.2241663153876587,2.130233258993684
Benchmark\Very_Mild_Demented\augmented_105_verymild_2100.jpg,Very_Mild_Demented,Mild_Demented,3.2427964624233505,0.8888007491227387,-0.23801673940313778,2.0800350348733967
Benchmark\Very_Mild_Demented\augmented_37_verymild_257.jpg,Very_Mild_Demented,Mild_Demented,3.243927178843898,2.0811030360656897,-0.24966688660000613,0.9794285599308095
Benchmark\Mild_Demented\augmented_121_mild_591.jpg,Mild_Demented,Mild_Demented,3.24283768662126,0.9690877230108073,-0.2449727669530015,2.053508041131216
Benchmark\Very_Mild_Demented\augmented_85_verymild_1348.jpg,Very_Mild_Demented,Mild_Demented,3.223052589455679,0.8556146652607057,-0.2193582247789748,2.1332749496083876
Benchmark\Moderate_Demented\augmented_50_moderate_22.jpg,Moderate_Demented,Mild_Demented,3.238612774890651,1.0087025616995298,-0.2459884585157615,2.0709402292806893
Benchmark\Non_Demented\non_2247.jpg,Non_Demented,Non_Demented,-0.1764462695845123,0.821497850540023,3.193130862192351,2.157898343345199
Benchmark\Moderate_Demented\augmented_85_moderate_12.jpg,Moderate_Demented,Mild_Demented,3.2002939107797044,0.8345235285373787,-0.19973820600778155,2.1645908734522
Benchmark\Very_Mild_Demented\augmented_207_verymild_1653.jpg,Very_Mild_Demented,Mild_Demented,3.234257970719943,0.9782811662199099,-0.24424274178152017,2.1029343230379762
Benchmark\Non_Demented\non_569.jpg,Non_Demented,Mild_Demented,3.219113350665418,-0.21415291776315343,0.8128768800347884,2.1788949040184855
Benchmark\Mild_Demented\augmented_216_mild_326.jpg,Mild_Demented,Mild_Demented,3.2359047468324733,0.9947180006007484,-0.24383441787119386,2.080661016099057
Benchmark\Moderate_Demented\augmented_223_moderate_42.jpg,Moderate_Demented,Mild_Demented,3.2369892693146403,1.0364298997435302,-0.2448047249636689,2.051501756414854
Benchmark\Moderate_Demented\augmented_162_moderate_25.jpg,Moderate_Demented,Mild_Demented,3.2324839920616237,0.9058839992477479,-0.23318559566520616,2.098026257130474
Benchmark\Non_Demented\non_571.jpg,Non_Demented,Very_Mild_Demented,0.7900800240675114,-0.22888579726219627,2.1910136221149017,3.2394419244724273
Benchmark\Non_Demented\non_1253.jpg,Non_Demented,Non_Demented,-0.2441630123306851,0.8228803951290342,3.2351881626698598,2.1986893094974245
Benchmark\Mild_Demented\mild_253.jpg,Mild_Demented,Mild_Demented,3.1411921695062754,0.921630947970723,-0.12865385897968748,2.055809869282291
Benchmark\Moderate_Demented\augmented_35_moderate_14.jpg,Moderate_Demented,Mild_Demented,3.235746076943162,0.9941855542739026,-0.24549855955497255,2.0947286137828143
Benchmark\Mild_Demented\mild_113.jpg,Mild_Demented,Mild_Demented,3.2211257379456515,-0.23016793243456052,0.850498774628006,2.1725840025431133
Benchmark\Moderate_Demented\augmented_94_moderate_38.jpg,Moderate_Demented,Mild_Demented,3.205804685145963,0.8265554222750314,-0.19186336125676234,2.1509052113648
Benchmark\Mild_Demented\augmented_258_mild_529.jpg,Mild_Demented,Mild_Demented,3.232961076036929,0.8418128719852178,-0.2330597763111177,2.158487441208566
Benchmark\Very_Mild_Demented\augmented_195_verymild_2183.jpg,Very_Mild_Demented,Mild_Demented,3.2324719730349387,0.9220629892860143,-0.24111271491011838,2.1269113664849337
Benchmark\Very_Mild_Demented\verymild_291.jpg,Very_Mild_Demented,Very_Mild_Demented,2.08659141926828,-0.22113887874534807,0.985013118380481,3.208356931840558
Benchmark\Non_Demented\non_986.jpg,Non_Demented,Non_Demented,-0.19084256374052536,0.8815322072834807,3.166929143240282,2.1567362538352235
Benchmark\Non_Demented\non_174.jpg,Non_Demented,Mild_Demented,3.232243072542426,-0.20389697731308087,0.8291343167997969,2.082626738883132
Benchmark\Moderate_Demented\augmented_190_moderate_30.jpg,Moderate_Demented,Mild_Demented,3.21290022833149,0.8678080333702582,-0.2249443464565571,2.163677689848642
Benchmark\Non_Demented\non_437.jpg,Non_Demented,Mild_Demented,3.2384354974316953,0.7913628503420023,-0.20667462029514294,2.147358655322206
Benchmark\Mild_Demented\mild_56.jpg,Mild_Demented,Very_Mild_Demented,2.0845777864913306,-0.23823131664599193,1.065657432897567,3.2191670318565313
Benchmark\Mild_Demented\augmented_21_mild_530.jpg,Mild_Demented,Mild_Demented,3.23519869144307,0.9277949016530451,-0.24166377861160127,2.1134662199260306
Benchmark\Non_Demented\non_1310.jpg,Non_Demented,Non_Demented,-0.23772386451354008,0.8436947680403677,3.2451115512819024,2.1238200311780604
Benchmark\Moderate_Demented\augmented_41_moderate_38.jpg,Moderate_Demented,Mild_Demented,3.237689114258527,1.0052678826349157,-0.24496051451754938,2.071011370814783
Benchmark\Very_Mild_Demented\augmented_131_verymild_1707.jpg,Very_Mild_Demented,Mild_Demented,3.2448943722513373,2.027092526456506,-0.24728415966425824,1.0053165248873035
Benchmark\Mild_Demented\augmented_238_mild_737.jpg,Mild_Demented,Mild_Demented,3.242536307840296,1.023341755943909,-0.24641928611160405,2.0271623890896113
Benchmark\Non_Demented\non_482.jpg,Non_Demented,Very_Mild_Demented,2.0386471829379422,-0.18910505020703935,0.871720448090815,3.214523072197329
Benchmark\Non_Demented\non_618.jpg,Non_Demented,Very_Mild_Demented,0.794315733565513,-0.23943322321515775,2.1948546393903103,3.244541250875743
Benchmark\Moderate_Demented\augmented_118_moderate_24.jpg,Moderate_Demented,Mild_Demented,3.243546665064148,0.9619576862827038,-0.2457801045309137,2.0608984646002946
Benchmark\Mild_Demented\augmented_204_mild_165.jpg,Mild_Demented,Mild_Demented,3.2418438836452963,1.045592326419097,-0.24841847811893594,2.0366795459137697
Benchmark\Very_Mild_Demented\verymild_1974.jpg,Very_Mild_Demented,Mild_Demented,3.2011788214139427,-0.18447778493293493,1.950309297223405,0.9675619982923289
Benchmark\Very_Mild_Demented\verymild_1573.jpg,Very_Mild_Demented,Very_Mild_Demented,0.9306866241182848,-0.18866790999091126,2.138288730443916,3.153898755770503
Benchmark\Very_Mild_Demented\verymild_713.jpg,Very_Mild_Demented,Non_Demented,-0.2404224783149072,0.8302665853168,3.2249769159174018,2.2025575349659987
Benchmark\Very_Mild_Demented\verymild_1719.jpg,Very_Mild_Demented,Mild_Demented,3.149460076930913,-0.185794110326986,0.9943107892347531,2.105616653973614
Benchmark\Mild_Demented\mild_673.jpg,Mild_Demented,Mild_Demented,3.1323163955546978,0.9250082585702819,-0.11289369174573448,2.042002860499668
Benchmark\Mild_Demented\augmented_249_mild_589.jpg,Mild_Demented,Mild_Demented,3.245332226272354,0.9393275657697431,-0.2468407995963449,2.0746518149409954
Benchmark\Non_Demented\non_2949.jpg,Non_Demented,Mild_Demented,3.2230906967816924,0.8667025481758943,-0.20348313265404627,2.0578045051594733
Benchmark\Very_Mild_Demented\augmented_35_verymild_142.jpg,Very_Mild_Demented,Mild_Demented,3.2340044902879477,2.0932642651460953,-0.24558420495883831,1.017186529803198
Benchmark\Very_Mild_Demented\augmented_68_verymild_1578.jpg,Very_Mild_Demented,Mild_Demented,3.2368290495835006,0.9126136266267016,-0.24229757734756316,2.120039944199339
Benchmark\Mild_Demented\augmented_66_mild_3.jpg,Mild_Demented,Mild_Demented,3.241965505026935,1.0132717455567752,-0.2479212964712576,2.0585160656121437
Benchmark\Moderate_Demented\augmented_238_moderate_58.jpg,Moderate_Demented,Mild_Demented,3.236657469440189,2.0646506510012754,-0.24499930928850233,1.026109920520612
Benchmark\Moderate_Demented\augmented_176_moderate_53.jpg,Moderate_Demented,Mild_Demented,3.2154756755582787,0.8454752271499555,-0.2161283420666511,2.1560227677561783
Benchmark\Very_Mild_Demented\verymild_824.jpg,Very_Mild_Demented,Non_Demented,-0.1846191129959186,0.8570440859817938,3.170439579533773,2.162043540634036
Benchmark\Mild_Demented\augmented_129_mild_154.jpg,Mild_Demented,Mild_Demented,3.2361739830759206,2.067594603543914,-0.24590512952286792,1.037693290036745
Benchmark\Non_Demented\non_3053.jpg,Non_Demented,Mild_Demented,3.1819751633916082,-0.22250625977933877,1.0004846641228518,2.148553721209717
Benchmark\Very_Mild_Demented\verymild_2024.jpg,Very_Mild_Demented,Mild_Demented,3.162487253875748,-0.20787782447870362,0.9667911461648682,2.149836396892515
Benchmark\Non_Demented\non_1299.jpg,Non_Demented,Non_Demented,-0.2515876184252873,0.8301955232467441,3.2365543307082145,2.208572965887723
Benchmark\Non_Demented\non_3118.jpg,Non_Demented,Mild_Demented,3.1809205505820097,-0.22303984692562961,0.967373002341976,2.161838888975692
Benchmark\Very_Mild_Demented\verymild_119.jpg,Very_Mild_Demented,Very_Mild_Demented,0.9828963442382705,-0.23810354571343914,2.0787886044577655,3.230606890445623
Benchmark\Mild_Demented\augmented_66_mild_757.jpg,Mild_Demented,Mild_Demented,3.2407876903688555,0.9731494085110455,-0.2466507133030491,2.0829380492776735
Benchmark\Moderate_Demented\augmented_93_moderate_32.jpg,Moderate_Demented,Mild_Demented,3.2114371476830668,0.8402871610146683,-0.20611597777892143,2.1487139469777876
Benchmark\Very_Mild_Demented\augmented_146_verymild_1944.jpg,Very_Mild_Demented,Mild_Demented,3.237958308574287,2.031434217017423,-0.24282569104814117,1.0257830444105644
Benchmark\Mild_Demented\augmented_168_mild_312.jpg,Mild_Demented,Mild_Demented,3.223085715011281,0.8667694026484245,-0.22329731864819558,2.1339266016170724
Benchmark\Non_Demented\non_2577.jpg,Non_Demented,Very_Mild_Demented,0.9272138097461725,-0.2035781995420989,2.1443415043124676,3.1734271566905767
Benchmark\Mild_Demented\augmented_50_mild_475.jpg,Mild_Demented,Mild_Demented,3.2386898339209265,0.9834819101479861,-0.24556437037955345,2.0823291265862363
Benchmark\Very_Mild_Demented\verymild_494.jpg,Very_Mild_Demented,Non_Demented,-0.21366579526031346,0.8194945711748594,3.2023955991703095,2.19564112239323
Benchmark\Non_Demented\non_818.jpg,Non_Demented,Non_Demented,-0.24415083624697836,0.8122027923463322,3.2338732221614634,2.2087976463784824
Benchmark\Moderate_Demented\augmented_31_moderate_42.jpg,Moderate_Demented,Mild_Demented,3.235556183525038,0.9838954822840933,-0.24484765714316914,2.0967155194347673
Benchmark\Moderate_Demented\augmented_140_moderate_51.jpg,Moderate_Demented,Mild_Demented,3.245665226564176,2.0203507460960397,-0.24720604193031695,1.0009968890280398
Benchmark\Very_Mild_Demented\augmented_63_verymild_273.jpg,Very_Mild_Demented,Mild_Demented,3.240218505336312,2.0770023090312706,-0.24837701541761384,1.013856903041477
Benchmark\Very_Mild_Demented\verymild_781.jpg,Very_Mild_Demented,Mild_Demented,3.182099835877881,0.9374554012022794,-0.19645235997553198,2.1053477034248105
Benchmark\Very_Mild_Demented\augmented_140_verymild_1934.jpg,Very_Mild_Demented,Mild_Demented,3.244078524157551,2.0365793851961214,-0.24701036490667144,1.00118788404234
Benchmark\Very_Mild_Demented\verymild_2052.jpg,Very_Mild_Demented,Mild_Demented,3.1582880383310084,-0.20237625284370764,0.8919849365977403,2.1761364439179736
Benchmark\Mild_Demented\augmented_55_mild_707.jpg,Mild_Demented,Mild_Demented,3.238618586249536,1.0325661492118754,-0.24736474623438598,2.066617381172942
Benchmark\Moderate_Demented\augmented_78_moderate_35.jpg,Moderate_Demented,Mild_Demented,3.234792273965309,0.8732691123670491,-0.23514724357611733,2.1282851181588986
Benchmark\Moderate_Demented\augmented_41_moderate_49.jpg,Moderate_Demented,Mild_Demented,3.2427244903597314,1.0326757332143544,-0.24837489519380743,2.0399033627745182
Benchmark\Moderate_Demented\augmented_140_moderate_34.jpg,Moderate_Demented,Mild_Demented,3.2455737097451487,0.9806083293284813,-0.24428589211874022,2.002263676714523
Benchmark\Very_Mild_Demented\verymild_667.jpg,Very_Mild_Demented,Non_Demented,-0.2221191261735888,0.831547179098134,3.2184386878578173,2.175928109327255
Benchmark\Moderate_Demented\augmented_247_moderate_34.jpg,Moderate_Demented,Mild_Demented,3.2401032416826028,0.9055610252233856,-0.242128588165867,2.107300800776805
Benchmark\Very_Mild_Demented\verymild_2210.jpg,Very_Mild_Demented,Mild_Demented,3.2392779811773442,-0.21337906388192796,0.8460069736641369,2.028498449855097
Benchmark\Moderate_Demented\augmented_116_moderate_34.jpg,Moderate_Demented,Mild_Demented,3.242511919208774,0.9447709553262628,-0.24445359966030822,2.0726663911691734
Benchmark\Mild_Demented\augmented_103_mild_389.jpg,Mild_Demented,Mild_Demented,3.236041763187373,0.8728332912839363,-0.23277729204659578,2.1119359967028926
Benchmark\Non_Demented\non_771.jpg,Non_Demented,Non_Demented,-0.22497671755353016,0.8420762207152199,3.2071351215017825,2.1905921579898644
Benchmark\Mild_Demented\augmented_114_mild_403.jpg,Mild_Demented,Mild_Demented,3.2440532623125247,0.9240974144476808,-0.2439381930915742,2.074943568209272
Benchmark\Moderate_Demented\augmented_167_moderate_40.jpg,Moderate_Demented,Mild_Demented,3.2180602942361984,0.8459439829395536,-0.2178456428945703,2.1535362867280696
Benchmark\Non_Demented\non_2557.jpg,Non_Demented,Mild_Demented,3.197527843674058,-0.17826611485521898,0.8577280789490934,2.101812348921196
Benchmark\Very_Mild_Demented\verymild_1171.jpg,Very_Mild_Demented,Very_Mild_Demented,-0.20770910016452074,0.9421322233502161,2.160770193859727,3.160785225759926
Benchmark\Very_Mild_Demented\augmented_6_verymild_173.jpg,Very_Mild_Demented,Mild_Demented,3.2258714691503396,0.8333538090750995,-0.2332268584158943,2.1836999357821596
Benchmark\Non_Demented\non_772.jpg,Non_Demented,Very_Mild_Demented,-0.21059804745360403,0.8163909499393915,2.1964830175454155,3.200342329621919
Benchmark\Moderate_Demented\augmented_175_moderate_16.jpg,Moderate_Demented,Mild_Demented,3.1462710358785286,-0.18394867861913675,0.8522146786063206,2.1849159668585743
Benchmark\Very_Mild_Demented\verymild_948.jpg,Very_Mild_Demented,Non_Demented,-0.2263204180457886,0.8596579652798164,3.2127942403601164,2.1728244164696395
Benchmark\Mild_Demented\augmented_93_mild_117.jpg,Mild_Demented,Mild_Demented,3.229209561625498,0.8915772649013451,-0.226607434189589,2.0959194273109043
Benchmark\Non_Demented\non_1609.jpg,Non_Demented,Very_Mild_Demented,-0.2119547274541356,0.8715829056701758,2.165190822113189,3.1938903708929076
Benchmark\Moderate_Demented\augmented_216_moderate_55.jpg,Moderate_Demented,Mild_Demented,3.2410562607909363,2.0622417943186186,-0.24806215840436668,1.0209869094697641
Benchmark\Moderate_Demented\augmented_155_moderate_28.jpg,Moderate_Demented,Mild_Demented,3.2390108030134246,0.9517085929129985,-0.24180048568528567,2.072330412740575
Benchmark\Non_Demented\non_20.jpg,Non_Demented,Very_Mild_Demented,2.1251384092532577,-0.2232093462001696,1.0181128106887771,3.1925893687964555
Benchmark\Moderate_Demented\augmented_44_moderate_13.jpg,Moderate_Demented,Mild_Demented,3.241197472437041,1.0244093505901082,-0.24801068350325592,2.0578237471468883
Benchmark\Mild_Demented\augmented_2_mild_597.jpg,Mild_Demented,Mild_Demented,3.1280592238391676,0.8682096818571363,-0.160073492289969,2.16273910193301
Benchmark\Mild_Demented\augmented_198_mild_723.jpg,Mild_Demented,Mild_Demented,3.2381240540753393,0.926246521146733,-0.24524625992428475,2.120639992446463
Benchmark\Non_Demented\non_2995.jpg,Non_Demented,Mild_Demented,3.2286927287823297,0.8140077469500009,-0.16828942728250368,2.029330915105459
Benchmark\Very_Mild_Demented\augmented_234_verymild_1450.jpg,Very_Mild_Demented,Mild_Demented,3.2408463556055542,1.0148330214887051,-0.2463760390911988,2.0514725278130683
Benchmark\Mild_Demented\mild_236.jpg,Mild_Demented,Mild_Demented,3.173343373657767,0.9628670823847661,-0.1922343845848346,2.0959685733847855
Benchmark\Mild_Demented\augmented_104_mild_765.jpg,Mild_Demented,Mild_Demented,3.248583342593715,0.9091906615565835,-0.2447253128319492,2.0562906507386467
Benchmark\Moderate_Demented\augmented_227_moderate.jpg,Moderate_Demented,Mild_Demented,3.2401216625685487,2.102730541550804,-0.2489368535785855,0.9776220137469517
Benchmark\Moderate_Demented\augmented_115_moderate_45.jpg,Moderate_Demented,Mild_Demented,3.246499816627325,0.9863756471190422,-0.24734460238627348,2.0247851567010646
Benchmark\Mild_Demented\augmented_193_mild_11.jpg,Mild_Demented,Mild_Demented,3.23746113507109,0.8863612384264004,-0.24112722163293204,2.131983863851505
Benchmark\Moderate_Demented\augmented_16_moderate_18.jpg,Moderate_Demented,Mild_Demented,3.210177347548649,0.8835987850706596,-0.2293138267836596,2.1694938380782753
Benchmark\Mild_Demented\augmented_46_mild_457.jpg,Mild_Demented,Mild_Demented,3.241513433253067,1.0222901039667196,-0.247516101048867,2.0513889507221257
Benchmark\Very_Mild_Demented\verymild_2195.jpg,Very_Mild_Demented,Mild_Demented,3.239142364114759,0.8222861410253898,-0.19825606946641708,2.022036912355194
Benchmark\Non_Demented\non_1968.jpg,Non_Demented,Non_Demented,-0.2489378582965678,0.8391248570030596,3.2398089773482783,2.1895535654430227
Benchmark\Very_Mild_Demented\verymild_1716.jpg,Very_Mild_Demented,Mild_Demented,3.2402852368721917,0.9557895175463152,-0.23855848415364592,2.0268602918814596
Benchmark\Mild_Demented\augmented_179_mild_714.jpg,Mild_Demented,Very_Mild_Demented,2.0622691111968843,-0.1825228873851976,0.8922041662125965,3.1977498612616455
Benchmark\Mild_Demented\augmented_25_mild_527.jpg,Mild_Demented,Mild_Demented,3.237497353684617,0.9513812942705795,-0.24477368473050945,2.104480414302793
Benchmark\Mild_Demented\mild_312.jpg,Mild_Demented,Non_Demented,-0.206147861567511,0.8758312435246106,3.19076645983322,2.1556883660356743
Benchmark\Mild_Demented\augmented_197_mild.jpg,Mild_Demented,Mild_Demented,3.236430368541089,0.9342499666264062,-0.24398225914604338,2.1163834538038766
Benchmark\Non_Demented\non_700.jpg,Non_Demented,Very_Mild_Demented,-0.15287378436978039,0.8361107788468426,2.1205389641938273,3.1850464878224822
Benchmark\Non_Demented\non_3186.jpg,Non_Demented,Mild_Demented,3.176567330508499,-0.22498959729839366,0.9758091130369309,2.1690137959668863
Benchmark\Very_Mild_Demented\verymild_1661.jpg,Very_Mild_Demented,Mild_Demented,3.0930097928065083,0.8765254741529485,-0.11270710442741959,2.1386521786698176
Benchmark\Non_Demented\non_2029.jpg,Non_Demented,Non_Demented,-0.2544032488536322,0.846217731571014,3.2340715053762086,2.2108521654908375
Benchmark\Non_Demented\non_2295.jpg,Non_Demented,Very_Mild_Demented,0.9718528694841417,-0.12435509388223238,1.9388495207535146,3.158992048015696
Benchmark\Non_Demented\non_2820.jpg,Non_Demented,Very_Mild_Demented,0.8873690640840023,-0.2176528942690659,2.13919406214821,3.208715767181455
Benchmark\Non_Demented\non_1221.jpg,Non_Demented,Non_Demented,-0.23584470525474802,0.8702585718040842,3.2258197679925273,2.1629245296280573
Benchmark\Very_Mild_Demented\verymild_1269.jpg,Very_Mild_Demented,Non_Demented,-0.22734966176529972,0.844691538319789,3.200070830935914,2.200858823445348
Benchmark\Mild_Demented\augmented_170_mild_19.jpg,Mild_Demented,Mild_Demented,3.2303971703938004,0.8777782693303159,-0.2318250393083785,2.1281413174999795
Benchmark\Non_Demented\non_2341.jpg,Non_Demented,Very_Mild_Demented,0.8676540155192506,-0.17414255559293587,2.131152174599604,3.174883584629323
Benchmark\Mild_Demented\augmented_6_mild_450.jpg,Mild_Demented,Mild_Demented,3.1653101773804884,0.8543129482970081,-0.20022238066281714,2.1881985036930174
Benchmark\Moderate_Demented\augmented_27_moderate_60.jpg,Moderate_Demented,Mild_Demented,3.236014825471122,2.047334849070674,-0.2455678427334323,1.0572382200891464
Benchmark\Moderate_Demented\augmented_61_moderate_20.jpg,Moderate_Demented,Mild_Demented,3.2390069310798864,0.950642319415312,-0.24362421475978277,2.0874567960475967
Benchmark\Mild_Demented\augmented_33_mild_626.jpg,Mild_Demented,Mild_Demented,3.237903291110391,1.0146600283320684,-0.24614417721060955,2.0737566296180723
Benchmark\Moderate_Demented\augmented_41_moderate_48.jpg,Moderate_Demented,Mild_Demented,3.239363168216335,1.026936410479811,-0.2467944658730384,2.0593671514989613
Benchmark\Non_Demented\non_1300.jpg,Non_Demented,Mild_Demented,3.135210173494945,0.9160030111940494,-0.15980952845482999,2.1217459324750467
Benchmark\Mild_Demented\augmented_249_mild_576.jpg,Mild_Demented,Mild_Demented,3.24554268167947,0.9611214655069062,-0.24742968588834352,2.0590843617631465
Benchmark\Very_Mild_Demented\verymild_189.jpg,Very_Mild_Demented,Very_Mild_Demented,0.9722108218958744,-0.23385388265909543,2.0564151338517904,3.2303891501883353
Benchmark\Moderate_Demented\augmented_211_moderate_50.jpg,Moderate_Demented,Mild_Demented,3.2331806922540585,1.0039428478263768,-0.24303087529783676,2.0866162815995186
Benchmark\Mild_Demented\augmented_35_mild_547.jpg,Mild_Demented,Mild_Demented,3.2382083950063074,0.9761025955259618,-0.24592227492366459,2.092913839666428
Benchmark\Non_Demented\non_674.jpg,Non_Demented,Very_Mild_Demented,-0.1544788321453422,0.826631882587242,2.144203817473345,3.1807806834894365
Benchmark\Non_Demented\non_1034.jpg,Non_Demented,Non_Demented,-0.24114450231801812,0.8391421027242496,3.236404873558054,2.175314029202815
Benchmark\Very_Mild_Demented\verymild_1733.jpg,Very_Mild_Demented,Mild_Demented,3.1366599265896187,-0.17236667988602125,0.9292397775510348,2.1307548511358667
Benchmark\Mild_Demented\augmented_26_mild_798.jpg,Mild_Demented,Mild_Demented,3.2379110289564874,1.0132099140583584,-0.24472370214756353,2.0617366135609325
Benchmark\Very_Mild_Demented\augmented_166_verymild_1043.jpg,Very_Mild_Demented,Mild_Demented,3.226115041988409,0.8807654105407436,-0.22965394075592835,2.1328961179841035
Benchmark\Mild_Demented\augmented_104_mild_44.jpg,Mild_Demented,Mild_Demented,3.2390566762359905,0.9171857032175905,-0.24006874006238862,2.089835676277992
Benchmark\Moderate_Demented\augmented_165_moderate_11.jpg,Moderate_Demented,Mild_Demented,3.239727954396474,0.9311774250835448,-0.2439516343221191,2.099982365822617
Benchmark\Non_Demented\non_634.jpg,Non_Demented,Very_Mild_Demented,0.8410259188445606,-0.21629334527904476,2.055656134027629,3.2396834454167385
Benchmark\Non_Demented\non_1795.jpg,Non_Demented,Very_Mild_Demented,-0.13696475860098226,0.9153199797900143,1.9781060675754636,3.1752312096544624
Benchmark\Moderate_Demented\augmented_154_moderate_57.jpg,Moderate_Demented,Mild_Demented,3.241950129780067,0.989277571643992,-0.245557122338708,2.051594593869332
Benchmark\Mild_Demented\augmented_132_mild_266.jpg,Mild_Demented,Mild_Demented,3.2442717604693825,0.9917831214446875,-0.24596724343210297,2.029725477676989
Benchmark\Very_Mild_Demented\verymild_1992.jpg,Very_Mild_Demented,Mild_Demented,3.184408835918902,-0.18512796072203722,0.8621751505848266,2.139062356543335
Benchmark\Very_Mild_Demented\augmented_221_verymild_417.jpg,Very_Mild_Demented,Mild_Demented,3.233925796576037,2.110980412881023,-0.2465252240143955,0.9959071840760242
Benchmark\Mild_Demented\mild_208.jpg,Mild_Demented,Mild_Demented,3.1604149625856537,0.9410048678011963,-0.18067400618233073,2.1067092417227284
Benchmark\Non_Demented\non_2485.jpg,Non_Demented,Mild_Demented,3.184825559493767,-0.16471434709497654,0.903021483259692,2.041601293303815
Benchmark\Mild_Demented\augmented_36_mild_684.jpg,Mild_Demented,Mild_Demented,3.2409569342791538,1.0373178035965058,-0.24796497473336634,2.0484707878104396
Benchmark\Very_Mild_Demented\augmented_134_verymild_2230.jpg,Very_Mild_Demented,Mild_Demented,3.2419753424379665,2.055638215530906,-0.24742416136138656,1.010041348747115
Benchmark\Mild_Demented\augmented_237_mild_564.jpg,Mild_Demented,Mild_Demented,3.2406777131453235,0.9942234658840344,-0.24550985061897565,2.0591149428169966
Benchmark\Non_Demented\non_2704.jpg,Non_Demented,Non_Demented,0.8924011586462605,-0.2238716870472641,3.1860331275138027,2.185769893813991
Benchmark\Mild_Demented\augmented_207_mild_74.jpg,Mild_Demented,Mild_Demented,3.239416267871868,2.076697037887908,-0.24844731580625593,1.024333344299121
Benchmark\Very_Mild_Demented\verymild_1295.jpg,Very_Mild_Demented,Non_Demented,-0.16018888038124776,0.8654322315555438,3.1747944422804557,2.1110605461844196
Benchmark\Moderate_Demented\augmented_96_moderate_13.jpg,Moderate_Demented,Mild_Demented,3.234753386820291,0.8858345946846675,-0.23060554284978954,2.0925507695202503
Benchmark\Mild_Demented\augmented_45_mild_431.jpg,Mild_Demented,Mild_Demented,3.23925485599775,1.0047031038654426,-0.24642682980515834,2.0725269023367003
Benchmark\Mild_Demented\mild_604.jpg,Mild_Demented,Mild_Demented,3.1309127500749,0.9099888531583898,-0.15511174992383342,2.1241528592945835
Benchmark\Moderate_Demented\augmented_258_moderate_2.jpg,Moderate_Demented,Mild_Demented,3.2277245535331787,0.8754346331338132,-0.22872912341074783,2.1284548436891266
Benchmark\Very_Mild_Demented\augmented_146_verymild_1661.jpg,Very_Mild_Demented,Mild_Demented,3.242903914803926,1.0002816615505299,-0.24486707334101518,2.0249634827995866
Benchmark\Moderate_Demented\augmented_118_moderate_16.jpg,Moderate_Demented,Mild_Demented,3.241585321077383,0.9425729217822845,-0.24437067701243487,2.081169281322043
Benchmark\Very_Mild_Demented\verymild_1467.jpg,Very_Mild_Demented,Very_Mild_Demented,-0.2050754880179086,0.8346554237889096,2.1828861519081983,3.1925422458156967
Benchmark\Very_Mild_Demented\verymild_218.jpg,Very_Mild_Demented,Very_Mild_Demented,2.1300127149491668,-0.21893217600263995,0.8898468979154366,3.212902386491894
Benchmark\Very_Mild_Demented\verymild_132.jpg,Very_Mild_Demented,Mild_Demented,3.1618893812579034,-0.21808620298496886,0.8895547446657661,2.196921686209852
Benchmark\Moderate_Demented\augmented_45_moderate_53.jpg,Moderate_Demented,Mild_Demented,3.2433199577403156,1.036649837505518,-0.24910133456919037,2.038514838639606
Benchmark\Non_Demented\non_2787.jpg,Non_Demented,Very_Mild_Demented,1.0688278551113108,-0.2220656301194683,2.14476882865234,3.16394139981072
Benchmark\Moderate_Demented\augmented_257_moderate_17.jpg,Moderate_Demented,Mild_Demented,3.242840342596966,0.9014636605752849,-0.242515197541983,2.0963347930800027
Benchmark\Non_Demented\non_3043.jpg,Non_Demented,Mild_Demented,3.242591706530225,0.801082421156733,-0.20406610593930977,2.0926719787001598
Benchmark\Moderate_Demented\augmented_7_moderate_4.jpg,Moderate_Demented,Mild_Demented,3.227344308449868,0.8258007657916935,-0.22489552273543933,2.1686143250323537
Benchmark\Non_Demented\non_2707.jpg,Non_Demented,Mild_Demented,3.1799594276600285,-0.17288410075590063,0.9004022213070375,2.082758660663797
Benchmark\Non_Demented\non_1309.jpg,Non_Demented,Very_Mild_Demented,-0.1855788421157205,0.8632186007682854,2.143311852020584,3.1816604128341446
Benchmark\Mild_Demented\mild_711.jpg,Mild_Demented,Very_Mild_Demented,0.8840546399196679,-0.18315903170086534,2.13530879289114,3.1722799215053623
Benchmark\Moderate_Demented\augmented_110_moderate_28.jpg,Moderate_Demented,Mild_Demented,3.2427418341818703,0.9178735170949172,-0.24355211425636944,2.088259726797934
Benchmark\Mild_Demented\augmented_123_mild_789.jpg,Mild_Demented,Mild_Demented,3.244695046761219,2.032638002246336,-0.24756641135493407,1.0056873723226767
Benchmark\Very_Mild_Demented\verymild_320.jpg,Very_Mild_Demented,Very_Mild_Demented,2.098990417817888,-0.22480368128171135,0.9563608528586232,3.2142678108882303
Benchmark\Moderate_Demented\augmented_245_moderate_9.jpg,Moderate_Demented,Mild_Demented,3.239478351067713,2.0621624452986826,-0.24595540840738353,1.010970162041166
Benchmark\Non_Demented\non_2946.jpg,Non_Demented,Very_Mild_Demented,0.8102752968707179,-0.23316835884658177,2.2028154221621876,3.225634084946379
Benchmark\Moderate_Demented\augmented_4_moderate_27.jpg,Moderate_Demented,Very_Mild_Demented,2.0470952541890255,0.8946022047313632,-0.15247419164755585,3.177637387699474
Benchmark\Mild_Demented\augmented_86_mild_299.jpg,Mild_Demented,Mild_Demented,3.219005211401456,0.8544004844554852,-0.2118710905212035,2.1255604494276166
Benchmark\Mild_Demented\augmented_228_mild_286.jpg,Mild_Demented,Mild_Demented,3.238273265159871,1.00566564983342,-0.24560202004059178,2.0720253596789013
Benchmark\Non_Demented\non_194.jpg,Non_Demented,Mild_Demented,3.2017029570460083,-0.22755777210907094,0.8700333996887175,2.1857138613056706
Benchmark\Very_Mild_Demented\verymild_2150.jpg,Very_Mild_Demented,Mild_Demented,3.236774466512565,0.8714315552676288,-0.22263186910261554,2.052479995650273
Benchmark\Mild_Demented\mild_779.jpg,Mild_Demented,Mild_Demented,3.2070186292543834,-0.19661555141647663,0.8828785516141878,2.084743797017641
Benchmark\Moderate_Demented\augmented_3_moderate_41.jpg,Moderate_Demented,Mild_Demented,3.154222170794099,0.8807676575336715,-0.18715082502682437,2.1646518159828485
Benchmark\Very_Mild_Demented\augmented_206_verymild_1217.jpg,Very_Mild_Demented,Mild_Demented,3.233522863298962,0.9397621476902762,-0.24327586975074242,2.1226631128007734
Benchmark\Very_Mild_Demented\augmented_15_verymild_1425.jpg,Very_Mild_Demented,Mild_Demented,3.239597907040533,0.9379075956325583,-0.2430585395016469,2.0891762182652336
Benchmark\Very_Mild_Demented\verymild_1692.jpg,Very_Mild_Demented,Mild_Demented,3.12665682266893,-0.15140700866995016,0.9136470423952749,2.120890835281052
Benchmark\Mild_Demented\mild_422.jpg,Mild_Demented,Very_Mild_Demented,-0.17055449987516605,0.893005339186294,2.1083883492495548,3.1698259388268535
Benchmark\Moderate_Demented\augmented_54_moderate_6.jpg,Moderate_Demented,Mild_Demented,3.237132451223796,2.091915363638036,-0.24761155810762295,1.0136952703179847
Benchmark\Very_Mild_Demented\verymild_1800.jpg,Very_Mild_Demented,Mild_Demented,3.10957157397628,-0.19850591254059444,1.0811379358511877,2.1326377467284945
Benchmark\Very_Mild_Demented\augmented_105_verymild_1135.jpg,Very_Mild_Demented,Mild_Demented,3.238693885909452,0.8825755000920867,-0.23944297551296265,2.1212841470359383
Benchmark\Mild_Demented\mild_102.jpg,Mild_Demented,Mild_Demented,3.2416318988017907,0.8024205645295881,-0.20425635425024394,2.0957263805105786
Benchmark\Very_Mild_Demented\verymild_129.jpg,Very_Mild_Demented,Mild_Demented,3.234544406690752,-0.20501578103247395,0.8216100703387803,2.0908822647054865
Benchmark\Non_Demented\non_1466.jpg,Non_Demented,Non_Demented,-0.21098542001236154,0.8590209811256516,3.1968842445747065,2.1678638840434727
Benchmark\Very_Mild_Demented\verymild_1312.jpg,Very_Mild_Demented,Very_Mild_Demented,-0.13917962986392687,2.0305176269167413,0.8923945810622529,3.174055362106272
Benchmark\Non_Demented\non_1951.jpg,Non_Demented,Non_Demented,-0.2606640151202232,0.8217611215964432,3.2492487035282975,2.2130813271391023
Benchmark\Non_Demented\non_635.jpg,Non_Demented,Very_Mild_Demented,0.7694698712490001,-0.23807243558064,2.209792012118007,3.2508954957407585
Benchmark\Non_Demented\non_2289.jpg,Non_Demented,Non_Demented,-0.2002928254659281,0.8241804900605381,3.2020411348124296,2.173296410718187
Benchmark\Non_Demented\non_470.jpg,Non_Demented,Mild_Demented,3.2333502398908056,0.810017221163413,-0.20546661747933817,2.1247766098554277
Benchmark\Mild_Demented\mild_742.jpg,Mild_Demented,Mild_Demented,3.1633613227923876,-0.20459558672448952,0.923720768274907,2.160162353409911
Benchmark\Very_Mild_Demented\verymild_217.jpg,Very_Mild_Demented,Very_Mild_Demented,2.1826176637159884,-0.23309094981788023,0.8827725387518429,3.207834028479683
Benchmark\Mild_Demented\augmented_106_mild_40.jpg,Mild_Demented,Mild_Demented,3.2459439845912135,0.9547642698156174,-0.2455329008372872,2.040719145256382
Benchmark\Moderate_Demented\augmented_74_moderate_31.jpg,Moderate_Demented,Mild_Demented,3.23754666490087,0.8847222601282876,-0.23947354593303838,2.125013462585319
Benchmark\Mild_Demented\augmented_120_mild_328.jpg,Mild_Demented,Mild_Demented,3.244363996597425,0.9804107198811028,-0.24777935205522245,2.0583066359136053
Benchmark\Non_Demented\non_1215.jpg,Non_Demented,Non_Demented,-0.23526022128751498,0.850391096982274,3.209781176259077,2.2008068410490464
Benchmark\Moderate_Demented\augmented_45_moderate_60.jpg,Moderate_Demented,Mild_Demented,3.2371579490777074,2.0790506660216583,-0.24660959693977885,1.0208886111450448
Benchmark\Non_Demented\non_250.jpg,Non_Demented,Mild_Demented,3.2365245975121373,0.7965628908185876,-0.20299574647791355,2.134967501049472
Benchmark\Mild_Demented\augmented_238_mild_7.jpg,Mild_Demented,Mild_Demented,3.2391007120720428,2.0800969125945756,-0.24694189569861164,1.0015819899871528
Benchmark\Very_Mild_Demented\verymild_1239.jpg,Very_Mild_Demented,Non_Demented,-0.20906526441082798,0.8845197764986715,3.1932725168202576,2.151436201483651
Benchmark\Very_Mild_Demented\verymild_2015.jpg,Very_Mild_Demented,Very_Mild_Demented,2.118828228972743,-0.21110082932984747,1.007432171264152,3.1783143121020165
Benchmark\Very_Mild_Demented\augmented_180_verymild_285.jpg,Very_Mild_Demented,Mild_Demented,3.172350816847248,-0.23002811134857512,1.0507478802808154,2.164683499264172
Benchmark\Moderate_Demented\augmented_162_moderate_52.jpg,Moderate_Demented,Mild_Demented,3.230572651023567,0.8879247448461312,-0.23452394531809373,2.129615749953011
Benchmark\Moderate_Demented\augmented_184_moderate_42.jpg,Moderate_Demented,Very_Mild_Demented,2.084139914364661,-0.17136977354056931,0.8474352456470543,3.203348683714772
Benchmark\Non_Demented\non_1985.jpg,Non_Demented,Mild_Demented,3.142201815430119,0.9030018918878397,-0.1495848053415439,2.108184112930643
Benchmark\Very_Mild_Demented\augmented_183_verymild_2210.jpg,Very_Mild_Demented,Mild_Demented,3.237749920310452,0.806577466655475,-0.21240137534863304,2.1314948917426024
Benchmark\Moderate_Demented\augmented_72_moderate_16.jpg,Moderate_Demented,Mild_Demented,3.2367656028549927,0.8649658178835866,-0.2349689533474976,2.12730670570287
Benchmark\Mild_Demented\augmented_101_mild_704.jpg,Mild_Demented,Mild_Demented,3.2468360908707288,0.8697564960376507,-0.23858347641453642,2.078034148167241
Benchmark\Mild_Demented\augmented_80_mild_251.jpg,Mild_Demented,Mild_Demented,3.2256919595157125,0.8557843754647017,-0.22292988623906645,2.1355208311824714
Benchmark\Very_Mild_Demented\verymild_1219.jpg,Very_Mild_Demented,Non_Demented,-0.2398933333334827,0.8613873482531885,3.2107745035881257,2.2030956502811585
Benchmark\Non_Demented\non_2303.jpg,Non_Demented,Non_Demented,-0.2194854660644582,0.8315804441653054,3.199208421117547,2.19804627199733
Benchmark\Very_Mild_Demented\augmented_132_verymild_1638.jpg,Very_Mild_Demented,Mild_Demented,3.2456269393471464,2.000208448350645,-0.2455892566965938,0.9992490529506121
Benchmark\Mild_Demented\augmented_89_mild_434.jpg,Mild_Demented,Mild_Demented,3.2003589464502364,0.832535087719627,-0.1850413202649758,2.1429326290310837
Benchmark\Very_Mild_Demented\verymild_1977.jpg,Very_Mild_Demented,Mild_Demented,3.123421068372132,-0.2132232942428485,2.110614138203759,1.1361664217664567
Benchmark\Non_Demented\non_2294.jpg,Non_Demented,Very_Mild_Demented,-0.19139657759258574,0.8333667011849917,2.1415965358946916,3.205598326441735
Benchmark\Non_Demented\non_2354.jpg,Non_Demented,Mild_Demented,3.1425865729669984,0.8932700860610189,-0.14930440549156665,2.1161484199454312
Benchmark\Moderate_Demented\augmented_22_moderate_54.jpg,Moderate_Demented,Mild_Demented,3.2321997070654787,0.9454078958423554,-0.24154623006868958,2.1156782649528565
Benchmark\Mild_Demented\augmented_12_mild_108.jpg,Mild_Demented,Mild_Demented,3.245810029533019,0.9413632446835731,-0.24770272514102892,2.07645668239705
Benchmark\Moderate_Demented\augmented_126_moderate_37.jpg,Moderate_Demented,Mild_Demented,3.2463730081394515,0.9861458221735769,-0.24668506481181515,2.018026030721406
Benchmark\Very_Mild_Demented\augmented_32_verymild_129.jpg,Very_Mild_Demented,Mild_Demented,3.2398505179708703,2.0836901347900882,-0.24861232573846304,1.0108127914662002
Benchmark\Very_Mild_Demented\verymild_2180.jpg,Very_Mild_Demented,Mild_Demented,3.2274351000222414,-0.20606855605623184,0.8493484702100128,2.076171667481901
Benchmark\Mild_Demented\mild_254.jpg,Mild_Demented,Very_Mild_Demented,-0.1779400477593378,0.8639839504805958,2.157769947306504,3.161136738727926
Benchmark\Non_Demented\non_461.jpg,Non_Demented,Very_Mild_Demented,0.8851411091411576,-0.2351892182904998,2.116938426015567,3.2347636923605343
Benchmark\Very_Mild_Demented\augmented_112_verymild_1362.jpg,Very_Mild_Demented,Mild_Demented,3.241248981894157,0.9065900034691246,-0.24033552107858971,2.087108619123561
Benchmark\Very_Mild_Demented\augmented_77_verymild_226.jpg,Very_Mild_Demented,Mild_Demented,3.2378719053055796,0.9089801673065565,-0.23959804461484718,2.101840640735573
Benchmark\Very_Mild_Demented\verymild_1507.jpg,Very_Mild_Demented,Non_Demented,-0.16018728711764707,0.8514664428575921,3.1598128522970463,2.1489581930463872
Benchmark\Non_Demented\non_3072.jpg,Non_Demented,Mild_Demented,3.1505344069393217,-0.2209376497887462,0.9821311502555564,2.1817395398172033
Benchmark\Very_Mild_Demented\verymild_98.jpg,Very_Mild_Demented,Mild_Demented,3.2174944746885985,-0.22345334382088772,0.8582800440024692,2.1574936591871126
Benchmark\Moderate_Demented\augmented_87_moderate.jpg,Moderate_Demented,Mild_Demented,3.2324662070712717,0.8333816647079482,-0.21584692286519808,2.115745749457681
Benchmark\Mild_Demented\augmented_44_mild_745.jpg,Mild_Demented,Mild_Demented,3.2421681371388917,1.020430665649574,-0.24745206122641608,2.0458945671245536
Benchmark\Mild_Demented\augmented_216_mild_162.jpg,Mild_Demented,Mild_Demented,3.2350742187177697,2.1228942327509563,-0.24862045409959854,0.9867116212913938
Benchmark\Non_Demented\non_85.jpg,Non_Demented,Very_Mild_Demented,2.1508354730015595,-0.22856363896548526,0.9694254635521045,3.1976147531633563
Benchmark\Moderate_Demented\augmented_55_moderate_36.jpg,Moderate_Demented,Mild_Demented,3.2389309546010585,0.9741838013384971,-0.24484507779329376,2.08079740754806
Benchmark\Mild_Demented\augmented_67_mild_364.jpg,Mild_Demented,Mild_Demented,3.2385720076578854,0.9223803228478619,-0.24256909375567615,2.104780232271102
Benchmark\Moderate_Demented\augmented_211_moderate_20.jpg,Moderate_Demented,Mild_Demented,3.2339945522322617,0.9592764996334121,-0.2431886718594942,2.1083229053355876
Benchmark\Non_Demented\non_3146.jpg,Non_Demented,Mild_Demented,3.223554323133238,-0.23117147636640575,0.9063358768950707,2.1272156374616253
Benchmark\Mild_Demented\augmented_91_mild_317.jpg,Mild_Demented,Mild_Demented,3.210375279974512,0.8787752286770155,-0.20813193635402505,2.114459556702561
Benchmark\Mild_Demented\mild_145.jpg,Mild_Demented,Mild_Demented,3.231960866542322,0.8658723674533562,-0.22817426735514756,2.1189585970196516
Benchmark\Very_Mild_Demented\augmented_235_verymild_2068.jpg,Very_Mild_Demented,Mild_Demented,3.238434524745056,2.066175607014938,-0.246254133258864,1.0211407835156907
Benchmark\Non_Demented\non_558.jpg,Non_Demented,Very_Mild_Demented,-0.23979203742403807,0.7621173321199421,2.2234298977538467,3.2504708331997643
Benchmark\Non_Demented\non_2250.jpg,Non_Demented,Non_Demented,-0.2190933862843726,0.8025702576673105,3.2226815685318035,2.191976616267849
Benchmark\Mild_Demented\augmented_190_mild_123.jpg,Mild_Demented,Mild_Demented,3.2401496150692646,0.8612862933936801,-0.23714140040110226,2.1251137224408456
Benchmark\Non_Demented\non_17.jpg,Non_Demented,Very_Mild_Demented,0.9609936600420116,-0.23401077281553148,2.1312723045644164,3.215918174087704
Benchmark\Moderate_Demented\augmented_186_moderate_34.jpg,Moderate_Demented,Mild_Demented,3.1536984091845577,0.8507162863947997,-0.18967513776897174,2.186865517187547
Benchmark\Moderate_Demented\augmented_26_moderate_57.jpg,Moderate_Demented,Mild_Demented,3.2432435173098293,1.0031581436349652,-0.24763699541492212,2.050877868811568
Benchmark\Moderate_Demented\augmented_220_moderate_33.jpg,Moderate_Demented,Mild_Demented,3.2393631862921093,1.0242087611487782,-0.24587924891961055,2.0522728004597015
Benchmark\Moderate_Demented\augmented_28_moderate_19.jpg,Moderate_Demented,Mild_Demented,3.2357084292574076,0.9670501239245408,-0.24485699600695046,2.1054519163208147
Benchmark\Non_Demented\non_1912.jpg,Non_Demented,Very_Mild_Demented,-0.15513171741214518,0.867176559267177,2.1101346721117165,3.1698970630372894
Benchmark\Non_Demented\non_267.jpg,Non_Demented,Very_Mild_Demented,0.9585608592042437,-0.23855716152586173,2.106867438585741,3.2287461199960545
Benchmark\Moderate_Demented\augmented_34_moderate_62.jpg,Moderate_Demented,Mild_Demented,3.236813396548982,2.082439083043367,-0.24658669974483685,1.0190189589093772
Benchmark\Mild_Demented\mild_283.jpg,Mild_Demented,Non_Demented,-0.22375178400738926,0.8332664851467954,3.207436002697354,2.194155480010946
Benchmark\Moderate_Demented\augmented_11_moderate_2.jpg,Moderate_Demented,Mild_Demented,3.2338089040009796,0.8599306811769063,-0.23605568076414282,2.1483652463069323
Benchmark\Very_Mild_Demented\augmented_8_verymild_1924.jpg,Very_Mild_Demented,Mild_Demented,3.2087224371878174,0.8174967627801298,-0.19952009683622476,2.1688081917506965
Benchmark\Very_Mild_Demented\augmented_200_verymild_1481.jpg,Very_Mild_Demented,Mild_Demented,3.2348450870811196,0.9358347139449213,-0.24338450536811845,2.1196164544144693
Benchmark\Moderate_Demented\augmented_251_moderate_8.jpg,Moderate_Demented,Mild_Demented,3.2313485949252163,0.9838708555060837,-0.23994969019683704,2.0867648436048443
Benchmark\Non_Demented\non_531.jpg,Non_Demented,Very_Mild_Demented,2.17701654033778,-0.2263749967793213,0.8961779128419926,3.196520474943308
Benchmark\Very_Mild_Demented\augmented_20_verymild_1453.jpg,Very_Mild_Demented,Mild_Demented,3.233277618472442,0.9209200155992032,-0.23893367610229643,2.112675918259184
Benchmark\Very_Mild_Demented\augmented_64_verymild_122.jpg,Very_Mild_Demented,Mild_Demented,3.238097629438965,2.043056106058122,-0.24637032003214437,1.0519519426089705
Benchmark\Mild_Demented\augmented_31_mild_480.jpg,Mild_Demented,Mild_Demented,3.2365957745281366,0.9800359291094988,-0.24613311784835148,2.101944965430191
Benchmark\Non_Demented\non_1332.jpg,Non_Demented,Non_Demented,-0.2283483950706034,0.903320181620217,3.2213511475762773,2.1258976347655176
Benchmark\Mild_Demented\augmented_77_mild_412.jpg,Mild_Demented,Mild_Demented,3.2351212159258513,0.8828858155663517,-0.2363113433319161,2.122799750858417
Benchmark\Non_Demented\non_1123.jpg,Non_Demented,Non_Demented,-0.249046357316875,0.8061165641863719,3.245518354140425,2.202574803449088
Benchmark\Very_Mild_Demented\verymild_1929.jpg,Very_Mild_Demented,Mild_Demented,3.2151056522688224,-0.19995338550400132,0.884565812415774,2.057729906601861
Benchmark\Mild_Demented\augmented_168_mild_813.jpg,Mild_Demented,Mild_Demented,3.2349495228177605,0.8645259909284476,-0.2342393816372903,2.132580721262762
Benchmark\Non_Demented\non_2634.jpg,Non_Demented,Mild_Demented,3.1938422662785575,-0.2046920376007299,2.057208936074211,0.9981304973546921
Benchmark\Mild_Demented\mild_413.jpg,Mild_Demented,Non_Demented,-0.226419755881315,0.9078890229076262,3.1910570014054613,2.1787816104248097
Benchmark\Mild_Demented\augmented_100_mild_715.jpg,Mild_Demented,Mild_Demented,3.2443048913241284,0.8586511401006702,-0.2363722946611843,2.1002227722087285
Benchmark\Non_Demented\non_1005.jpg,Non_Demented,Non_Demented,-0.22055417589484577,0.8215241367519696,3.239530184095945,2.1189165785829434
Benchmark\Mild_Demented\augmented_164_mild_736.jpg,Mild_Demented,Mild_Demented,3.2304995666991196,0.9014985626619151,-0.2350969296602628,2.121174906043569
Benchmark\Mild_Demented\augmented_66_mild_208.jpg,Mild_Demented,Mild_Demented,3.2437528744671873,0.9776600123361434,-0.2469500411981828,2.057750015780022
Benchmark\Mild_Demented\augmented_33_mild_471.jpg,Mild_Demented,Mild_Demented,3.239774337629158,0.9876500447881004,-0.24692903242040637,2.0833633920469885
Benchmark\Non_Demented\non_939.jpg,Non_Demented,Very_Mild_Demented,-0.11626567726332503,0.8659114237498705,2.0009810605065104,3.1822064323789228
Benchmark\Moderate_Demented\augmented_140_moderate_15.jpg,Moderate_Demented,Mild_Demented,3.2456390222159186,1.0071898801324455,-0.24700240301661602,2.01219782945325
Benchmark\Non_Demented\non_2176.jpg,Non_Demented,Mild_Demented,3.2278874342115103,0.9561420395639175,-0.22981604507285902,2.057943131739726
Benchmark\Non_Demented\non_3134.jpg,Non_Demented,Mild_Demented,3.2309180078820923,-0.20916761580276283,0.8918089382167925,1.9725916772729821
Benchmark\Very_Mild_Demented\augmented_202_verymild_1421.jpg,Very_Mild_Demented,Mild_Demented,3.2360144807257876,0.9449873012614698,-0.24470969791665592,2.1159962963444663
Benchmark\Mild_Demented\augmented_66_mild_629.jpg,Mild_Demented,Mild_Demented,3.241917853160345,0.9541249204163059,-0.24666502963344028,2.088111678303563
Benchmark\Non_Demented\non_562.jpg,Non_Demented,Mild_Demented,3.1827044635403245,-0.20359696012891176,0.8337430891593539,2.1915776320577938
Benchmark\Very_Mild_Demented\verymild_112.jpg,Very_Mild_Demented,Very_Mild_Demented,2.1457124196614497,-0.22625203515519876,0.960477473534953,3.198423414543144
Benchmark\Mild_Demented\mild_325.jpg,Mild_Demented,Very_Mild_Demented,-0.19471750778043018,0.8678496526226489,2.1569278792815196,3.1798655077425884
Benchmark\Very_Mild_Demented\verymild_431.jpg,Very_Mild_Demented,Very_Mild_Demented,0.953640412075308,-0.20687223411375733,1.9889133165631696,3.2156228825310214
Benchmark\Mild_Demented\augmented_121_mild_352.jpg,Mild_Demented,Mild_Demented,3.246434313745923,0.9971257750841116,-0.24854411479497573,2.0314406749138416
Benchmark\Non_Demented\non_1939.jpg,Non_Demented,Non_Demented,-0.24196517954256697,0.8515717634144301,3.212866390669138,2.209138731870082
Benchmark\Very_Mild_Demented\verymild_999.jpg,Very_Mild_Demented,Very_Mild_Demented,-0.1931642516424717,0.8927479707034255,2.1590728260541403,3.1614793562320913
Benchmark\Non_Demented\non_2772.jpg,Non_Demented,Very_Mild_Demented,0.9465737819203695,-0.1963156899072244,2.0878993951192646,3.186199379300643
Benchmark\Moderate_Demented\augmented_250_moderate_42.jpg,Moderate_Demented,Mild_Demented,3.239001964311838,0.8910960731181845,-0.23966645366514477,2.1126290139690984
Benchmark\Very_Mild_Demented\verymild_676.jpg,Very_Mild_Demented,Non_Demented,-0.19967067198736654,0.8531380800130248,3.190600671621001,2.162046734274156
Benchmark\Very_Mild_Demented\augmented_106_verymild_1832.jpg,Very_Mild_Demented,Mild_Demented,3.246585455746429,0.9273638890056146,-0.24393897389089295,2.0471772266389743
Benchmark\Non_Demented\non_774.jpg,Non_Demented,Non_Demented,-0.2349356595996178,0.7979681997157155,3.2296171579401127,2.2104409618422696
Benchmark\Mild_Demented\mild_747.jpg,Mild_Demented,Mild_Demented,3.2048443506132607,0.8297063770462433,-0.16553875064378787,2.1013349359467046
Benchmark\Non_Demented\non_1868.jpg,Non_Demented,Non_Demented,-0.2391172261551447,0.8485536003461662,3.22626745033225,2.185661541062494
Benchmark\Mild_Demented\augmented_121_mild_81.jpg,Mild_Demented,Mild_Demented,3.244286881216307,2.0404756631134324,-0.24873962448920822,1.0185202787795757
Benchmark\Very_Mild_Demented\verymild_214.jpg,Very_Mild_Demented,Mild_Demented,3.241985362111542,0.8852510749162924,-0.23453614022257713,2.066630121011622
Benchmark\Very_Mild_Demented\verymild_392.jpg,Very_Mild_Demented,Very_Mild_Demented,2.0137149132506127,-0.2283760062456413,1.0008286431570927,3.2268537806815294
Benchmark\Moderate_Demented\augmented_193_moderate_44.jpg,Moderate_Demented,Mild_Demented,3.2160984151878345,0.8497523866553836,-0.22839822670960058,2.178576249890357
Benchmark\Mild_Demented\mild_496.jpg,Mild_Demented,Very_Mild_Demented,-0.20262337974879224,0.8739793635504738,2.150741947506685,3.190424097777835
Benchmark\Moderate_Demented\augmented_141_moderate_29.jpg,Moderate_Demented,Mild_Demented,3.245294597269246,0.9867339317889933,-0.24510557621768328,2.010753548113194
Benchmark\Non_Demented\non_665.jpg,Non_Demented,Very_Mild_Demented,-0.21613932807307473,0.8239119655700725,2.197784712611904,3.2002647826423147
Benchmark\Moderate_Demented\augmented_169_moderate_23.jpg,Moderate_Demented,Mild_Demented,3.223490325268434,0.8719954599415349,-0.22399447197132252,2.129759157759126
Benchmark\Moderate_Demented\augmented_50_moderate_61.jpg,Moderate_Demented,Mild_Demented,3.243061171567684,2.053842146576464,-0.24915630807365235,1.0231772898256557
Benchmark\Mild_Demented\mild_303.jpg,Mild_Demented,Very_Mild_Demented,-0.15461132623731505,0.9201554596109335,2.096662310689286,3.1451849883890017
Benchmark\Mild_Demented\mild_707.jpg,Mild_Demented,Mild_Demented,3.0721200317544843,-0.17766608621859686,0.9977380585275806,2.15527593452957
Benchmark\Mild_Demented\augmented_224_mild_729.jpg,Mild_Demented,Mild_Demented,3.2428540263398418,2.049505398285194,-0.2476410383836082,1.0101426264530493
Benchmark\Very_Mild_Demented\verymild_616.jpg,Very_Mild_Demented,Non_Demented,-0.24029440348765393,0.8152954180030986,3.2232565134046918,2.2141693525349027
Benchmark\Mild_Demented\mild_114.jpg,Mild_Demented,Mild_Demented,3.230966693615732,-0.21058447420136542,0.8087692570179043,2.148663756007202
Benchmark\Moderate_Demented\augmented_46_moderate_62.jpg,Moderate_Demented,Mild_Demented,3.2370895682187,2.086488420583248,-0.24697423453199413,1.0146738117691245
Benchmark\Non_Demented\non_2729.jpg,Non_Demented,Non_Demented,-0.1921729780659088,0.7764632454727873,3.228891859838833,2.1822109501584865
Benchmark\Moderate_Demented\augmented_54_moderate_48.jpg,Moderate_Demented,Mild_Demented,3.2385564671201252,1.014277741580835,-0.2471808027652587,2.078359566722201
Benchmark\Moderate_Demented\augmented_3_moderate_6.jpg,Moderate_Demented,Mild_Demented,3.2156554144109735,0.8055918205961257,-0.20447927803239396,2.178560151811616
Benchmark\Very_Mild_Demented\augmented_232_verymild_133.jpg,Very_Mild_Demented,Mild_Demented,3.239134874107173,2.1025385878917175,-0.24889243862952812,0.9886100628554277
Benchmark\Mild_Demented\augmented_89_mild_489.jpg,Mild_Demented,Mild_Demented,3.2030050733025806,0.8489454850336634,-0.19387400568382154,2.132679902464025
Benchmark\Non_Demented\non_1004.jpg,Non_Demented,Non_Demented,-0.24947203981700736,0.8101006999076623,3.2386648075625515,2.2133303417988976
Benchmark\Very_Mild_Demented\verymild_776.jpg,Very_Mild_Demented,Non_Demented,-0.18851496048731026,0.8578402287811429,3.178019663070676,2.1578167311156684
Benchmark\Non_Demented\non_3147.jpg,Non_Demented,Very_Mild_Demented,2.150475397034727,-0.2294561003809784,1.0519968211148891,3.181899865411791
Benchmark\Moderate_Demented\augmented_252_moderate_13.jpg,Moderate_Demented,Mild_Demented,3.2435890621043857,0.9182470659330206,-0.2439712877683105,2.084733763879421
Benchmark\Moderate_Demented\augmented_235_moderate_28.jpg,Moderate_Demented,Mild_Demented,3.2404804249761456,0.9917433496603052,-0.24605441631214756,2.0676582426035925
Benchmark\Moderate_Demented\augmented_102_moderate_61.jpg,Moderate_Demented,Mild_Demented,3.249133252332767,0.8837587162544543,-0.24156575029041275,2.0576204959480786
Benchmark\Non_Demented\non_1581.jpg,Non_Demented,Non_Demented,-0.25110303241031456,0.86368523174264,3.2371901295272187,2.187037825884369
Benchmark\Non_Demented\non_961.jpg,Non_Demented,Mild_Demented,3.064439276640681,0.8763308396365757,-0.12533780993286295,2.162638003005095
Benchmark\Non_Demented\non_2906.jpg,Non_Demented,Very_Mild_Demented,1.0861561446193775,-0.23345867680065333,2.1217410958139595,3.195227008759677
Benchmark\Moderate_Demented\augmented_95_moderate_53.jpg,Moderate_Demented,Mild_Demented,3.2404662614406683,0.8515145136649798,-0.23225402468947526,2.112826019910651
Benchmark\Moderate_Demented\augmented_100_moderate_58.jpg,Moderate_Demented,Mild_Demented,3.2413847742108306,0.8353214578358606,-0.22956634229629888,2.120141035576341
Benchmark\Non_Demented\non_3133.jpg,Non_Demented,Very_Mild_Demented,2.147266050325091,-0.23288217235869377,1.059235736831171,3.189082126947211
Benchmark\Moderate_Demented\augmented_119_moderate_26.jpg,Moderate_Demented,Mild_Demented,3.2429418125375706,0.9706686565620858,-0.24605770658862625,2.0619202117200994
Benchmark\Moderate_Demented\augmented_126_moderate_29.jpg,Moderate_Demented,Mild_Demented,3.2466955318154582,0.9782989190596045,-0.24722371719498015,2.028428280622479
Benchmark\Very_Mild_Demented\augmented_30_verymild_1582.jpg,Very_Mild_Demented,Mild_Demented,3.235159800456915,0.97275843072986,-0.2437476101210787,2.0976755980612545
Benchmark\Moderate_Demented\augmented_18_moderate_61.jpg,Moderate_Demented,Mild_Demented,3.242341538373222,0.9375422467988224,-0.24596670127088302,2.0922386143664844
Benchmark\Moderate_Demented\augmented_165_moderate_21.jpg,Moderate_Demented,Mild_Demented,3.230206739637851,0.8919873098989723,-0.23092813753215252,2.1114281611793833
Benchmark\Very_Mild_Demented\augmented_79_verymild_1033.jpg,Very_Mild_Demented,Mild_Demented,3.242284888776152,0.952509636198494,-0.24432754184863023,2.066701098815036
Benchmark\Non_Demented\non_1470.jpg,Non_Demented,Very_Mild_Demented,-0.14627714435149328,0.9106974368563976,2.067290272875712,3.1574331102363797
Benchmark\Mild_Demented\mild_759.jpg,Mild_Demented,Very_Mild_Demented,1.0711348962201162,-0.18652569239547992,2.007825839989904,3.1645741481874157
Benchmark\Non_Demented\non_2749.jpg,Non_Demented,Mild_Demented,3.1952905258864126,0.8699303736625077,-0.1763312175981242,2.0861101837276
Benchmark\Moderate_Demented\augmented_231_moderate_5.jpg,Moderate_Demented,Mild_Demented,3.2392330789120964,2.1116002214233554,-0.24886804653064534,0.9699076750091047
Benchmark\Moderate_Demented\augmented_214_moderate_26.jpg,Moderate_Demented,Mild_Demented,3.2344385517278686,0.9774211422801425,-0.24296149169432196,2.0936178004555206
Benchmark\Very_Mild_Demented\augmented_202_verymild_1678.jpg,Very_Mild_Demented,Mild_Demented,3.239086490345451,0.9763036527730465,-0.24712641313376096,2.0963187785490796
Benchmark\Very_Mild_Demented\augmented_70_verymild_369.jpg,Very_Mild_Demented,Mild_Demented,3.2319141934317823,1.0185364748763623,-0.24162061782181704,2.0747275739049735
Benchmark\Moderate_Demented\augmented_9_moderate_48.jpg,Moderate_Demented,Mild_Demented,3.212206558592995,0.8365544191134751,-0.21194025793868518,2.162921255835352
Benchmark\Very_Mild_Demented\verymild_285.jpg,Very_Mild_Demented,Very_Mild_Demented,2.152370003836838,-0.2345199222912693,0.9087401202657999,3.218721202364505
Benchmark\Non_Demented\non_4.jpg,Non_Demented,Mild_Demented,3.225359325165121,-0.19249504136596585,0.8199143836622188,2.104198165923098
Benchmark\Very_Mild_Demented\verymild_333.jpg,Very_Mild_Demented,Mild_Demented,3.2323206609955073,-0.2138553704021592,0.8088676663753069,2.151591010142299
Benchmark\Very_Mild_Demented\augmented_130_verymild_320.jpg,Very_Mild_Demented,Mild_Demented,3.236470228459033,2.0719942863107015,-0.24597505578235287,1.0300104523764326
Benchmark\Moderate_Demented\augmented_143_moderate_4.jpg,Moderate_Demented,Mild_Demented,3.238178063261673,2.0552873965301943,-0.24526833375100532,1.0256014071975483
Benchmark\Very_Mild_Demented\verymild_155.jpg,Very_Mild_Demented,Very_Mild_Demented,2.106623160607594,-0.23003808434065662,1.0560122502739897,3.2028555628938196
Benchmark\Very_Mild_Demented\augmented_42_verymild_14.jpg,Very_Mild_Demented,Mild_Demented,3.2400444505194503,2.074163375273634,-0.24860641730882513,1.023232930423078
Benchmark\Moderate_Demented\augmented_234_moderate_52.jpg,Moderate_Demented,Mild_Demented,3.237043509968284,2.04630705374769,-0.24578819754239778,1.0519098842042105
Benchmark\Very_Mild_Demented\verymild_40.jpg,Very_Mild_Demented,Very_Mild_Demented,2.1504158088253713,-0.22992440427355612,1.0365862025822818,3.1869960289334434
Benchmark\Moderate_Demented\augmented_68_moderate_25.jpg,Moderate_Demented,Mild_Demented,3.2393940750113104,0.916788096076215,-0.24262081745775047,2.1048516542932036
Benchmark\Non_Demented\non_3137.jpg,Non_Demented,Mild_Demented,3.23455495214994,0.9053013222782436,-0.22962963294587083,2.0637690987456225
Benchmark\Moderate_Demented\augmented_231_moderate_64.jpg,Moderate_Demented,Mild_Demented,3.2348103690977386,2.1179545230958183,-0.24667944490219942,0.9741000523830871
Benchmark\Mild_Demented\augmented_78_mild_418.jpg,Mild_Demented,Mild_Demented,3.2307477522746373,0.8590577978643446,-0.23074583000863463,2.1409354410247468
Benchmark\Moderate_Demented\augmented_86_moderate_58.jpg,Moderate_Demented,Mild_Demented,3.210725818477335,0.8058896215685087,-0.18781141768552762,2.163796804159019
Benchmark\Very_Mild_Demented\verymild_1471.jpg,Very_Mild_Demented,Non_Demented,-0.23931887867388715,0.857554407219189,3.215599671882103,2.197861271592556
Benchmark\Non_Demented\non_2415.jpg,Non_Demented,Very_Mild_Demented,0.9404627704931242,-0.1705984960148681,2.1088744420081946,3.1461431290624864
Benchmark\Mild_Demented\augmented_229_mild_309.jpg,Mild_Demented,Mild_Demented,3.2394796120201885,0.9887082662015315,-0.2441899051200908,2.060719113089518
Benchmark\Moderate_Demented\augmented_231_moderate_60.jpg,Moderate_Demented,Mild_Demented,3.235731286186485,2.1078613497367775,-0.24688209012090132,0.9878368647561464
Benchmark\Very_Mild_Demented\verymild_376.jpg,Very_Mild_Demented,Very_Mild_Demented,2.1529442674765202,-0.20677160500010228,0.8538739135432682,3.203452796973939
Benchmark\Very_Mild_Demented\verymild_987.jpg,Very_Mild_Demented,Very_Mild_Demented,-0.21120710682547514,0.8613886979699308,2.1661808304692607,3.19711608802793
Benchmark\Moderate_Demented\augmented_105_moderate_44.jpg,Moderate_Demented,Mild_Demented,3.2438649902132015,0.8704754299743225,-0.24010193913853886,2.108887766732091
Benchmark\Moderate_Demented\augmented_35_moderate_17.jpg,Moderate_Demented,Mild_Demented,3.2417377394800484,1.0099353311455628,-0.24808744573377292,2.0645920114102623
Benchmark\Moderate_Demented\augmented_58_moderate_47.jpg,Moderate_Demented,Mild_Demented,3.2438785227873947,1.0193643318690861,-0.24900818610243,2.0472104775057005
Benchmark\Moderate_Demented\augmented_113_moderate_55.jpg,Moderate_Demented,Mild_Demented,3.246891273461772,0.9576187638672776,-0.24552887192347642,2.026348725867051
Benchmark\Moderate_Demented\augmented_53_moderate_10.jpg,Moderate_Demented,Mild_Demented,3.2365582218128393,2.0966415469058837,-0.24673932961388598,0.998893101238848
Benchmark\Mild_Demented\augmented_209_mild_332.jpg,Mild_Demented,Mild_Demented,3.23588731785042,0.9594983219188064,-0.24441538957184777,2.1060173668366216
Benchmark\Very_Mild_Demented\verymild_753.jpg,Very_Mild_Demented,Very_Mild_Demented,-0.15818013039469128,0.8944512855560547,2.096574486765195,3.163140630816754
Benchmark\Mild_Demented\mild_116.jpg,Mild_Demented,Mild_Demented,3.2222207861181547,-0.21937415607589872,0.8358822440846263,2.157425954938344
Benchmark\Non_Demented\non_826.jpg,Non_Demented,Non_Demented,-0.25721161509050966,0.7891033506807956,3.2488811901029253,2.2276621334033635
Benchmark\Moderate_Demented\augmented_210_moderate_34.jpg,Moderate_Demented,Mild_Demented,3.2327349432815216,0.9652398542853878,-0.2431995053552391,2.111276878652192
Benchmark\Mild_Demented\augmented_93_mild_156.jpg,Mild_Demented,Mild_Demented,3.1908546579904984,0.8445089656564018,-0.18569326365155836,2.147376567713006
Benchmark\Non_Demented\non_1371.jpg,Non_Demented,Non_Demented,-0.23488807996759323,0.8730603558101377,3.2152787243428915,2.1802498486366706
Benchmark\Moderate_Demented\augmented_128_moderate_3.jpg,Moderate_Demented,Mild_Demented,3.242756865179876,2.0620783473570126,-0.2482545162287008,1.002956183157551
Benchmark\Mild_Demented\augmented_37_mild_461.jpg,Mild_Demented,Mild_Demented,3.2408169410932395,1.001577648484,-0.24652642368284877,2.062818767384618
Benchmark\Mild_Demented\augmented_221_mild_183.jpg,Mild_Demented,Mild_Demented,3.242510729802911,1.0151038036881657,-0.24715545042216377,2.0435659898641796
Benchmark\Mild_Demented\augmented_48_mild_300.jpg,Mild_Demented,Mild_Demented,3.24095282342264,1.0163504364459943,-0.2466940741875725,2.0526373439720507
Benchmark\Mild_Demented\augmented_112_mild_420.jpg,Mild_Demented,Mild_Demented,3.243997778862391,0.9362304888261037,-0.24498585666919878,2.0725694901837897
Benchmark\Mild_Demented\augmented_172_mild_296.jpg,Mild_Demented,Mild_Demented,3.2312643288060716,0.9271325816886388,-0.23395166982048798,2.0896804160228273
Benchmark\Mild_Demented\augmented_78_mild_282.jpg,Mild_Demented,Mild_Demented,3.2352785090349196,0.868212746609984,-0.23651621497843353,2.1369476205560036
Benchmark\Mild_Demented\augmented_94_mild_263.jpg,Mild_Demented,Mild_Demented,3.206017935647681,0.8491771794895516,-0.19404677251357416,2.125176520525086
Benchmark\Mild_Demented\mild_686.jpg,Mild_Demented,Very_Mild_Demented,1.0537237841179017,-0.19290753014001913,2.0316210960485113,3.172829123013201
Benchmark\Non_Demented\non_1616.jpg,Non_Demented,Very_Mild_Demented,-0.19776933382967116,0.860065835883549,2.16820662599487,3.1792806816013726
Benchmark\Moderate_Demented\augmented_221_moderate_6.jpg,Moderate_Demented,Mild_Demented,3.234424379422224,2.1232593322200044,-0.24726287553242352,0.9741558287317196
Benchmark\Mild_Demented\augmented_166_mild_135.jpg,Mild_Demented,Mild_Demented,3.2418676625976754,0.9763873844851348,-0.2465671803957486,2.071613732133089
Benchmark\Moderate_Demented\augmented_81_moderate_27.jpg,Moderate_Demented,Mild_Demented,3.229492572966384,0.8643439578606102,-0.2243044478114801,2.1159657295447265
Benchmark\Very_Mild_Demented\verymild_1268.jpg,Very_Mild_Demented,Very_Mild_Demented,-0.2167393876246743,0.922554425604285,2.147584531206266,3.1925105423280593
Benchmark\Mild_Demented\augmented_232_mild_31.jpg,Mild_Demented,Mild_Demented,3.2398880106949832,2.089750377839097,-0.2481982206027319,0.9933799256249031
Benchmark\Moderate_Demented\augmented_108_moderate_3.jpg,Moderate_Demented,Mild_Demented,3.2447110910083556,0.9433274805907907,-0.24460319770967262,2.055618308226751
Benchmark\Very_Mild_Demented\verymild_1307.jpg,Very_Mild_Demented,Non_Demented,-0.2175266705423317,0.9063432651326946,3.179484759230225,2.174791232044546
Benchmark\Very_Mild_Demented\verymild_1525.jpg,Very_Mild_Demented,Very_Mild_Demented,-0.21763031711131955,0.8308855100043163,2.1868029037535717,3.2068748107633454
Benchmark\Non_Demented\non_1297.jpg,Non_Demented,Very_Mild_Demented,-0.228313305666855,0.9046453931351776,2.1867702920355088,3.188427786076258
Benchmark\Mild_Demented\augmented_21_mild_361.jpg,Mild_Demented,Mild_Demented,3.225430759338239,0.9163238694939884,-0.2379147636260308,2.141689506248515
Benchmark\Mild_Demented\augmented_47_mild_503.jpg,Mild_Demented,Mild_Demented,3.239278686589398,0.9910207525092866,-0.24603880838031547,2.077343534634373
Benchmark\Very_Mild_Demented\augmented_25_verymild_304.jpg,Very_Mild_Demented,Mild_Demented,3.246663296818888,1.0409483710537875,-0.2502506706816788,2.0084516924486757
Benchmark\Mild_Demented\augmented_174_mild_566.jpg,Mild_Demented,Mild_Demented,3.193536437589724,0.8455566878127675,-0.20155825124822682,2.167371456714406
Benchmark\Mild_Demented\augmented_181_mild_276.jpg,Mild_Demented,Very_Mild_Demented,2.0387320896979535,0.8786765927092732,-0.12158623046896266,3.167906165010905
Benchmark\Non_Demented\non_1623.jpg,Non_Demented,Non_Demented,-0.26563417385022586,0.8286094255346885,3.255898800492925,2.208833180642131
Benchmark\Mild_Demented\augmented_250_mild_539.jpg,Mild_Demented,Mild_Demented,3.2398525921007018,0.9067812111487981,-0.2437238981621508,2.1172025214068517
Benchmark\Non_Demented\non_3185.jpg,Non_Demented,Mild_Demented,3.2296818781717542,-0.2105385256907649,0.8560675447084511,2.068485674059869
Benchmark\Non_Demented\non_2771.jpg,Non_Demented,Mild_Demented,3.150112196882966,-0.1973768219599772,0.9101553470074111,2.16678809725007
Benchmark\Very_Mild_Demented\verymild_1404.jpg,Very_Mild_Demented,Very_Mild_Demented,-0.21735769940949165,0.8747712485471416,2.1627645968667757,3.2011462901166174
Benchmark\Non_Demented\non_14.jpg,Non_Demented,Mild_Demented,3.233793430822624,0.8056533501172438,-0.20311332651150993,2.1262092169701554
Benchmark\Non_Demented\non_2547.jpg,Non_Demented,Mild_Demented,3.116224354063429,-0.1979033356655724,2.0934543203748692,1.116373049834866
Benchmark\Non_Demented\non_567.jpg,Non_Demented,Very_Mild_Demented,0.8555745723090766,-0.23500796946701996,2.1551655844789637,3.231822985324566
Benchmark\Moderate_Demented\augmented_23_moderate_32.jpg,Moderate_Demented,Mild_Demented,3.230036600275393,0.9264401296460968,-0.24130697954280034,2.134728023598123
Benchmark\Non_Demented\non_3161.jpg,Non_Demented,Mild_Demented,3.2333390492810645,-0.20724522047428665,0.8331929206983393,2.079232736539618
Benchmark\Very_Mild_Demented\verymild_968.jpg,Very_Mild_Demented,Very_Mild_Demented,-0.21619471692543688,0.8953490309584222,2.175237107167349,3.1814617528292453
Benchmark\Non_Demented\non_1930.jpg,Non_Demented,Non_Demented,-0.2301997224813642,0.8305275864451114,3.213082065520954,2.199696659674552
Benchmark\Mild_Demented\augmented_213_mild_643.jpg,Mild_Demented,Mild_Demented,3.240982863508392,1.0130746945786087,-0.2463721363256019,2.0515312826534915
Benchmark\Non_Demented\non_493.jpg,Non_Demented,Very_Mild_Demented,0.8247448696807326,-0.23386376360995473,2.1664138278411276,3.237072092371215
Benchmark\Non_Demented\non_103.jpg,Non_Demented,Mild_Demented,3.2389449979680154,0.8102610706783209,-0.20911367633427522,2.107078030267893
Benchmark\Very_Mild_Demented\verymild_1308.jpg,Very_Mild_Demented,Very_Mild_Demented,-0.1583435354953908,0.9352237240980341,2.096436659467071,3.141651288499189
Benchmark\Moderate_Demented\augmented_149_moderate_20.jpg,Moderate_Demented,Mild_Demented,3.240565947449187,0.964027696307738,-0.24301792258039132,2.0597783645994028
Benchmark\Moderate_Demented\augmented_216_moderate_59.jpg,Moderate_Demented,Mild_Demented,3.2413623515828114,2.074996313714255,-0.24860219687438803,1.0063360811994706
Benchmark\Very_Mild_Demented\verymild_1200.jpg,Very_Mild_Demented,Very_Mild_Demented,-0.2155696637344925,0.9134926887148095,2.1752139884986446,3.172527581821744
Benchmark\Moderate_Demented\augmented_99_moderate_15.jpg,Moderate_Demented,Mild_Demented,3.239704795515026,0.8972425680445818,-0.23685380761307753,2.0846609818560102
Benchmark\Mild_Demented\augmented_141_mild_14.jpg,Mild_Demented,Mild_Demented,3.240890773983577,2.062323153473315,-0.24732454648665386,1.0127478130514462
Benchmark\Moderate_Demented\augmented_34_moderate_4.jpg,Moderate_Demented,Mild_Demented,3.2367193998892114,2.0870236029795404,-0.24681782323006365,1.0156933453090748
Benchmark\Very_Mild_Demented\verymild_689.jpg,Very_Mild_Demented,Non_Demented,-0.20181769199591665,0.8791787215699762,3.180685554795321,2.1596693054028844
Benchmark\Non_Demented\non_453.jpg,Non_Demented,Very_Mild_Demented,0.798325212263868,-0.23795314846949078,2.2016248843608746,3.2379793221235924
Benchmark\Non_Demented\non_1471.jpg,Non_Demented,Non_Demented,-0.23681334392856093,0.8671836450807057,3.2158969157909634,2.1869721127108623
Benchmark\Non_Demented\non_1260.jpg,Non_Demented,Very_Mild_Demented,0.9215639247209576,-0.12280304395313862,2.019358430449568,3.151120634796335
Benchmark\Moderate_Demented\augmented_179_moderate_12.jpg,Moderate_Demented,Mild_Demented,3.182770909464172,-0.2072121553384564,0.8314590973746688,2.197378037716999
Benchmark\Mild_Demented\mild_688.jpg,Mild_Demented,Mild_Demented,3.1927001138561772,0.8862639383570597,-0.18380924400670423,2.091260065967424
Benchmark\Mild_Demented\augmented_150_mild_739.jpg,Mild_Demented,Mild_Demented,3.2394287807669984,0.995596635005831,-0.24349879810206293,2.0494542317800004
Benchmark\Non_Demented\non_3032.jpg,Non_Demented,Mild_Demented,3.212645124994049,-0.2143361338350155,0.9407738303874634,2.0677963449752443
Benchmark\Non_Demented\non_825.jpg,Non_Demented,Very_Mild_Demented,-0.13795359656151196,0.8457977171534186,2.089792059335913,3.181695560419682
Benchmark\Moderate_Demented\augmented_161_moderate_23.jpg,Moderate_Demented,Mild_Demented,3.234350489515376,0.9194582642697325,-0.23559314548487753,2.088491709570017
Benchmark\Moderate_Demented\augmented_189_moderate_57.jpg,Moderate_Demented,Mild_Demented,3.2363226003332777,0.8797078186536766,-0.23704223882890885,2.1237322374737633
Benchmark\Mild_Demented\mild_608.jpg,Mild_Demented,Very_Mild_Demented,-0.15626786802919135,0.8333587218109508,2.12817452369825,3.1856761084940888
Benchmark\Moderate_Demented\moderate_48.jpg,Moderate_Demented,Non_Demented,-0.14338714467148572,0.8324272838577899,3.1543703480993224,2.158192701972842
Benchmark\Mild_Demented\mild_147.jpg,Mild_Demented,Very_Mild_Demented,2.158078699187791,-0.21286096038595284,0.8642780638609847,3.202701670711214
Benchmark\Moderate_Demented\augmented_210_moderate_35.jpg,Moderate_Demented,Mild_Demented,3.236235084056555,0.9765431422166041,-0.24448384126753603,2.094283823601521
Benchmark\Very_Mild_Demented\verymild_336.jpg,Very_Mild_Demented,Mild_Demented,3.218778742798623,-0.21635715653164964,0.8283846493072513,2.166746932403723
Benchmark\Very_Mild_Demented\verymild_900.jpg,Very_Mild_Demented,Non_Demented,-0.23092624055701658,0.8544287518620794,3.2236478851083747,2.1659373178346017
Benchmark\Very_Mild_Demented\verymild_1888.jpg,Very_Mild_Demented,Mild_Demented,3.2371285288525615,0.9048300540287901,-0.23154941458701994,2.0577784901354375
Benchmark\Very_Mild_Demented\augmented_140_verymild_292.jpg,Very_Mild_Demented,Mild_Demented,3.23994791739606,2.067126423616239,-0.24652912692076373,1.006043126898559
Benchmark\Moderate_Demented\augmented_235_moderate_8.jpg,Moderate_Demented,Mild_Demented,3.2340783667761466,2.1045998560070345,-0.24618695600521595,1.0030805135864818
Benchmark\Non_Demented\non_3114.jpg,Non_Demented,Very_Mild_Demented,1.0783779135818954,-0.22866529797032836,2.0747611479418766,3.204539864397418
Benchmark\Moderate_Demented\augmented_215_moderate_38.jpg,Moderate_Demented,Mild_Demented,3.2340747257953675,1.006578360102317,-0.24297083259325655,2.078974077842174
Benchmark\Mild_Demented\augmented_236_mild_449.jpg,Mild_Demented,Mild_Demented,3.2437558907352164,0.9867419751050404,-0.24649510287054888,2.0456798764359356
Benchmark\Non_Demented\non_1327.jpg,Non_Demented,Non_Demented,-0.2272348187225433,0.8499899264310584,3.2297873471139824,2.1418542677088612
Benchmark\Moderate_Demented\augmented_161_moderate_20.jpg,Moderate_Demented,Mild_Demented,3.232740241066013,0.9081474561814082,-0.2357784252149032,2.108650242525906
Benchmark\Very_Mild_Demented\verymild_23.jpg,Very_Mild_Demented,Mild_Demented,3.2117158934266934,-0.20937571555568146,0.8479049628304454,2.146848493495799
Benchmark\Very_Mild_Demented\augmented_85_verymild_1647.jpg,Very_Mild_Demented,Mild_Demented,3.223929879000619,0.829048812480355,-0.21037000369664594,2.1391713631495106
Benchmark\Non_Demented\non_1802.jpg,Non_Demented,Non_Demented,-0.23299367803860188,0.859675556848207,3.2173007294542537,2.180170300781329
Benchmark\Moderate_Demented\augmented_159_moderate_22.jpg,Moderate_Demented,Mild_Demented,3.233985545850756,0.9190358132698646,-0.23766216037781848,2.103409659151962
Benchmark\Mild_Demented\augmented_75_mild_661.jpg,Mild_Demented,Mild_Demented,3.238337059774091,0.9129340573422652,-0.24217654293169197,2.111308862446635
Benchmark\Mild_Demented\mild_130.jpg,Mild_Demented,Mild_Demented,3.2414028109388062,0.8078465641359909,-0.21096357894505663,2.1048838494831217
Benchmark\Non_Demented\non_3015.jpg,Non_Demented,Mild_Demented,3.155699619015812,-0.21352296191865097,2.0990653528145833,1.1085306301572848
Benchmark\Moderate_Demented\augmented_64_moderate_54.jpg,Moderate_Demented,Mild_Demented,3.23688997105181,0.9748231245949976,-0.24526225392061826,2.096970856597349
Benchmark\Non_Demented\non_606.jpg,Non_Demented,Very_Mild_Demented,0.7866629006522324,-0.23642932402056163,2.2014220451685063,3.2430173146756327
Benchmark\Mild_Demented\mild_227.jpg,Mild_Demented,Non_Demented,-0.21750759862435426,0.8132468199897573,3.20965705144672,2.1976525630591612
Benchmark\Mild_Demented\augmented_133_mild_112.jpg,Mild_Demented,Mild_Demented,3.2323673954708942,2.065245672189655,-0.2448762182453484,1.0608878882986792
Benchmark\Moderate_Demented\augmented_136_moderate_25.jpg,Moderate_Demented,Mild_Demented,3.2473032294480735,0.9737544691742416,-0.24639011491991786,2.0142847801092394
Benchmark\Non_Demented\non_3050.jpg,Non_Demented,Very_Mild_Demented,1.0220941091579647,-0.22882037493149548,2.1222701339561185,3.2020534187878025
Benchmark\Non_Demented\non_2826.jpg,Non_Demented,Very_Mild_Demented,0.8276360308608319,-0.23266198731381132,2.1967433853381584,3.2200123674004146
Benchmark\Very_Mild_Demented\verymild_1954.jpg,Very_Mild_Demented,Very_Mild_Demented,2.121507323745561,-0.21199434412915558,1.0482614113743198,3.167016812981599
Benchmark\Mild_Demented\augmented_230_mild_25.jpg,Mild_Demented,Mild_Demented,3.2389307093183595,2.09767950325594,-0.2485056841071238,0.9947690232714748
Benchmark\Moderate_Demented\augmented_147_moderate_30.jpg,Moderate_Demented,Mild_Demented,3.2428247297902595,0.9756051808964287,-0.24379363877655127,2.0353993029277713
Benchmark\Non_Demented\non_1595.jpg,Non_Demented,Very_Mild_Demented,-0.1327941791779944,0.9292159157418622,2.0149358085423787,3.1564873740127064
Benchmark\Moderate_Demented\augmented_174_moderate_22.jpg,Moderate_Demented,Mild_Demented,3.1806202922308153,0.8357589504616343,-0.18797850397027455,2.1732159367513915
Benchmark\Moderate_Demented\augmented_177_moderate_39.jpg,Moderate_Demented,Mild_Demented,3.144727716419643,0.8576888765546268,-0.1842252227696781,2.182718848009859
Benchmark\Very_Mild_Demented\augmented_164_verymild_1379.jpg,Very_Mild_Demented,Mild_Demented,3.2311136122311104,0.8785490590614004,-0.23345323989773917,2.1312623619938402
Benchmark\Very_Mild_Demented\augmented_32_verymild_170.jpg,Very_Mild_Demented,Mild_Demented,3.2457165282950617,2.0469196335363815,-0.25003397359628227,1.0107636653675272
Benchmark\Non_Demented\non_2054.jpg,Non_Demented,Mild_Demented,3.0979394113894747,0.9023635151688495,-0.13623319772841028,2.136020858714261
Benchmark\Moderate_Demented\augmented_15_moderate_54.jpg,Moderate_Demented,Mild_Demented,3.225812517177035,0.8735250230715006,-0.23316634748791273,2.1520764019433085
Benchmark\Moderate_Demented\augmented_47_moderate_13.jpg,Moderate_Demented,Mild_Demented,3.2412742561523493,1.022896773526557,-0.2477591237296903,2.0557023790047677
Benchmark\Non_Demented\non_216.jpg,Non_Demented,Mild_Demented,3.1527816222412874,-0.21853490190598562,1.0058686918111992,2.169896615682123
Benchmark\Mild_Demented\augmented_89_mild_105.jpg,Mild_Demented,Mild_Demented,3.222257485362664,0.8283196668937014,-0.19584998592117756,2.1089591586307703
Benchmark\Moderate_Demented\augmented_217_moderate_24.jpg,Moderate_Demented,Mild_Demented,3.23663764783259,0.9965843307654535,-0.24405370619298483,2.076270523447537
Benchmark\Mild_Demented\mild_477.jpg,Mild_Demented,Non_Demented,-0.06004065276477422,0.9093001481338119,3.0785402668682256,2.0739817611268845
Benchmark\Non_Demented\non_21.jpg,Non_Demented,Mild_Demented,3.231106131746328,-0.21932234978866225,0.8435994054013345,2.1178540713226286
Benchmark\Non_Demented\non_2511.jpg,Non_Demented,Mild_Demented,3.205266612879009,0.8802115667754618,-0.20536388757662713,2.120058757845357
Benchmark\Non_Demented\non_1785.jpg,Non_Demented,Very_Mild_Demented,-0.1264385673103427,0.8819634936013842,2.1031869411251316,3.138517948698028
Benchmark\Very_Mild_Demented\augmented_72_verymild_1393.jpg,Very_Mild_Demented,Mild_Demented,3.239884289209522,0.9199151472158098,-0.24262087059146642,2.0992243886711695
Benchmark\Very_Mild_Demented\augmented_244_verymild_231.jpg,Very_Mild_Demented,Mild_Demented,3.238767408572118,2.047788241981876,-0.24655362106839906,1.0432027034432956
Benchmark\Mild_Demented\augmented_247_mild_274.jpg,Mild_Demented,Mild_Demented,3.243031270132259,0.9422140950304492,-0.24482080117082192,2.0737973572812183
Benchmark\Mild_Demented\augmented_68_mild_793.jpg,Mild_Demented,Mild_Demented,3.2435053456863296,0.9877922436364363,-0.2482475038527566,2.0655596580810864
Benchmark\Moderate_Demented\augmented_174_moderate.jpg,Moderate_Demented,Mild_Demented,3.234944302484677,0.8423179779854286,-0.2273684910615678,2.131982468883886
Benchmark\Mild_Demented\mild_714.jpg,Mild_Demented,Mild_Demented,3.099185172904859,-0.20323302753687136,1.0259561052281665,2.1710548241174568
Benchmark\Non_Demented\non_393.jpg,Non_Demented,Very_Mild_Demented,0.8602714604142467,-0.23035490213561363,2.1561568585404505,3.2250125950827453
Benchmark\Mild_Demented\mild_895.jpg,Mild_Demented,Mild_Demented,3.237838803359843,0.8123175702222027,-0.19730855373268777,2.0663483655294335
Benchmark\Very_Mild_Demented\augmented_195_verymild_1261.jpg,Very_Mild_Demented,Mild_Demented,3.213384163759257,0.8442074729679014,-0.2212563492714639,2.1725120314334148
Benchmark\Moderate_Demented\augmented_183_moderate_9.jpg,Moderate_Demented,Mild_Demented,3.238624229006267,0.8173442305321826,-0.21824013674780054,2.1235424787028645
Benchmark\Moderate_Demented\augmented_101_moderate_6.jpg,Moderate_Demented,Mild_Demented,3.230534775228693,0.8778610340947481,-0.230136110300656,2.1204493879333284
Benchmark\Non_Demented\non_2686.jpg,Non_Demented,Mild_Demented,3.2056951164765852,0.8584971652232992,-0.1796830666269837,2.0760375916901532
Benchmark\Non_Demented\non_2896.jpg,Non_Demented,Very_Mild_Demented,0.8911331494729895,-0.2191818849946581,2.1699369032289737,3.1923932808747155
Benchmark\Non_Demented\non_1767.jpg,Non_Demented,Very_Mild_Demented,-0.18976864385612915,0.8240748402239262,2.134960798471693,3.2125223180567732
Benchmark\Non_Demented\non_272.jpg,Non_Demented,Mild_Demented,3.219208003538334,0.8138100838499932,-0.19844112860327326,2.149750107963732
Benchmark\Very_Mild_Demented\verymild_1505.jpg,Very_Mild_Demented,Very_Mild_Demented,2.0083266017819428,-0.14832189359842468,2.0884140067477337,2.0977750986478654
Benchmark\Mild_Demented\augmented_120_mild_208.jpg,Mild_Demented,Mild_Demented,3.2461486563882325,1.0100717343581158,-0.2486671223196599,2.025424251172314
Benchmark\Moderate_Demented\augmented_50_moderate_30.jpg,Moderate_Demented,Mild_Demented,3.240059117729983,1.0000016538525138,-0.24592527586362062,2.064480101702801
Benchmark\Mild_Demented\augmented_70_mild_619.jpg,Mild_Demented,Mild_Demented,3.2369849872632925,0.9104763798488408,-0.24149963896293114,2.116498415261777
Benchmark\Moderate_Demented\augmented_210_moderate_17.jpg,Moderate_Demented,Mild_Demented,3.239969427082237,0.9873952012578685,-0.24591213008228954,2.07332272152402
Benchmark\Very_Mild_Demented\verymild_886.jpg,Very_Mild_Demented,Very_Mild_Demented,-0.20721731055651293,0.878679095317115,2.17538519954949,3.174973158363501
Benchmark\Very_Mild_Demented\verymild_2018.jpg,Very_Mild_Demented,Mild_Demented,3.2295794543560623,-0.1970795674381003,0.8365386757192733,2.054613937019779
Benchmark\Non_Demented\non_1643.jpg,Non_Demented,Very_Mild_Demented,-0.028733965711823475,1.94797207081725,0.8766172194141328,3.154790040025551
Benchmark\Mild_Demented\augmented_34_mild_560.jpg,Mild_Demented,Mild_Demented,3.2379949145372042,0.9785624973691016,-0.24551419552093096,2.089685673224651
Benchmark\Mild_Demented\augmented_35_mild_776.jpg,Mild_Demented,Mild_Demented,3.2385569792690783,2.056420938803244,-0.24708452837569334,1.041954488918326
Benchmark\Moderate_Demented\augmented_46_moderate_23.jpg,Moderate_Demented,Mild_Demented,3.239909266702338,0.9956934534763968,-0.24639236811436055,2.072743206220662
Benchmark\Mild_Demented\mild_99.jpg,Mild_Demented,Mild_Demented,3.1811674724799954,-0.2040807089939509,0.8366623135594853,2.1914393279678483
Benchmark\Very_Mild_Demented\verymild_1064.jpg,Very_Mild_Demented,Non_Demented,-0.15003543424603263,0.8875802483574565,3.1836797676934605,2.0303174886216806
Benchmark\Very_Mild_Demented\verymild_2074.jpg,Very_Mild_Demented,Mild_Demented,3.2119364384742957,-0.1889306418632757,0.8326397485175977,2.1211411566675142
Benchmark\Very_Mild_Demented\augmented_162_verymild_137.jpg,Very_Mild_Demented,Mild_Demented,3.231243701381172,0.9486837710987236,-0.24142304834003128,2.117385377823156
Benchmark\Very_Mild_Demented\augmented_136_verymild_2019.jpg,Very_Mild_Demented,Mild_Demented,3.245801525600067,2.0395899895141048,-0.24821833734919224,0.9913483236252246
Benchmark\Moderate_Demented\augmented_37_moderate_47.jpg,Moderate_Demented,Mild_Demented,3.243717249556593,1.0242486438403036,-0.248424458891664,2.037760556006724
Benchmark\Non_Demented\non_2487.jpg,Non_Demented,Non_Demented,-0.18126163202796705,0.7912520931273967,3.201742663587136,2.19054031347834
Benchmark\Non_Demented\non_1374.jpg,Non_Demented,Non_Demented,-0.25163747930874125,0.8284334107312205,3.249591293468682,2.1790321104926123
Benchmark\Moderate_Demented\augmented_101_moderate_34.jpg,Moderate_Demented,Mild_Demented,3.2422222320351954,0.8597730297921914,-0.2375790617329074,2.1181074192923384
Benchmark\Non_Demented\non_1009.jpg,Non_Demented,Very_Mild_Demented,-0.2272937547770656,0.8206903115453923,2.2046170957416615,3.210692982218973
Benchmark\Moderate_Demented\augmented_167_moderate_56.jpg,Moderate_Demented,Mild_Demented,3.229484832382076,0.8659831218979863,-0.22949685598966083,2.1340611649138577
Benchmark\Non_Demented\non_1973.jpg,Non_Demented,Non_Demented,-0.24031533675917668,0.8136371720892969,3.2305530828192452,2.205541046978418
Benchmark\Moderate_Demented\augmented_25_moderate_64.jpg,Moderate_Demented,Mild_Demented,3.2351272431316183,2.044039151624426,-0.24499151992150528,1.061617180354659
Benchmark\Mild_Demented\augmented_51_mild_409.jpg,Mild_Demented,Mild_Demented,3.2456584216197806,1.024108159536372,-0.24948579563708329,2.029081219043755
Benchmark\Very_Mild_Demented\verymild_1712.jpg,Very_Mild_Demented,Very_Mild_Demented,0.9966264241799172,-0.1986664342721925,2.128932289236907,3.1536084385943415
Benchmark\Non_Demented\non_432.jpg,Non_Demented,Very_Mild_Demented,0.8855624337301223,-0.23913899544593306,2.1082812198617322,3.2402348925890023
Benchmark\Moderate_Demented\augmented_81_moderate_42.jpg,Moderate_Demented,Mild_Demented,3.224514454008476,0.8348689114266791,-0.22242501335308845,2.160086105103923
Benchmark\Moderate_Demented\augmented_123_moderate_63.jpg,Moderate_Demented,Mild_Demented,3.2446796720374436,2.0387345576224187,-0.24802281371854956,1.005204840277979
Benchmark\Very_Mild_Demented\verymild_206.jpg,Very_Mild_Demented,Mild_Demented,3.2073614918749493,-0.21311229464373133,0.8368969012379245,2.17343890921198
Benchmark\Moderate_Demented\augmented_105_moderate_5.jpg,Moderate_Demented,Mild_Demented,3.2441627888189073,0.9237037984483789,-0.24361606788247714,2.071700450969704
Benchmark\Non_Demented\non_2196.jpg,Non_Demented,Non_Demented,-0.22941828054817484,0.8103058079655171,3.218659647418935,2.206183534609934
Benchmark\Non_Demented\non_2726.jpg,Non_Demented,Very_Mild_Demented,0.8069080709616041,-0.2282325038454742,2.2016436195806137,3.2228559578769884
Benchmark\Moderate_Demented\augmented_65_moderate_40.jpg,Moderate_Demented,Mild_Demented,3.237029729023857,0.9271027825530048,-0.24223727517772367,2.107768199718863
Benchmark\Mild_Demented\mild_35.jpg,Mild_Demented,Mild_Demented,3.2249895750234945,-0.22043740524611236,0.8593938912381126,2.125714334804872
Benchmark\Mild_Demented\augmented_14_mild_104.jpg,Mild_Demented,Mild_Demented,3.243297551008348,0.933424474802603,-0.24543675131309767,2.084517085106048
Benchmark\Moderate_Demented\augmented_70_moderate_36.jpg,Moderate_Demented,Mild_Demented,3.236806542489638,0.8958610640315259,-0.2401893859086628,2.1223344196837006
Benchmark\Very_Mild_Demented\augmented_165_verymild_1864.jpg,Very_Mild_Demented,Mild_Demented,3.232558337878244,0.8951132418417223,-0.2325593928470153,2.104892179385031
Benchmark\Non_Demented\non_2420.jpg,Non_Demented,Very_Mild_Demented,-0.1732443313293234,0.8258763401010232,2.148785534373932,3.1926646000813452
Benchmark\Mild_Demented\augmented_153_mild_583.jpg,Mild_Demented,Mild_Demented,3.24085256497236,0.9720069344794898,-0.2442715342040918,2.0623404918021024
Benchmark\Moderate_Demented\augmented_175_moderate_41.jpg,Moderate_Demented,Mild_Demented,3.189040739407852,0.859600641006885,-0.20516510076448397,2.168180650408589
Benchmark\Mild_Demented\augmented_255_mild_113.jpg,Mild_Demented,Mild_Demented,3.2304683914200525,0.9281125022349928,-0.23781236852771698,2.114625259473718
Benchmark\Mild_Demented\augmented_123_mild_597.jpg,Mild_Demented,Mild_Demented,3.246186173390031,1.007062827407623,-0.24739302595594126,2.0103566571661666
Benchmark\Very_Mild_Demented\augmented_14_verymild_314.jpg,Very_Mild_Demented,Mild_Demented,3.239956341600153,0.9104530852398245,-0.2438687418632039,2.11452842992564
Benchmark\Moderate_Demented\augmented_9_moderate_47.jpg,Moderate_Demented,Mild_Demented,3.2359277139102796,0.8997376826129296,-0.23680361142547904,2.1052151806918626
Benchmark\Non_Demented\non_1755.jpg,Non_Demented,Very_Mild_Demented,-0.21581866508861783,0.8772199949194727,2.1748341838424303,3.189443979328907
Benchmark\Mild_Demented\augmented_163_mild_191.jpg,Mild_Demented,Mild_Demented,3.229571061024843,0.8976715491144189,-0.2299909467030844,2.1043992818675346
Benchmark\Mild_Demented\augmented_209_mild_128.jpg,Mild_Demented,Mild_Demented,3.235738372462328,2.0948879915802,-0.24780244365167925,1.02577526503931
Benchmark\Very_Mild_Demented\augmented_38_verymild_216.jpg,Very_Mild_Demented,Mild_Demented,3.2334759595091103,2.0719563170088278,-0.24423620269241067,1.0377841779267662
Benchmark\Very_Mild_Demented\verymild_1091.jpg,Very_Mild_Demented,Very_Mild_Demented,-0.18108420184307308,0.8983437622920833,2.0876202666633303,3.1865927380907464
Benchmark\Very_Mild_Demented\verymild_280.jpg,Very_Mild_Demented,Mild_Demented,3.21935747118151,0.8129076235518138,-0.2100375343269058,2.171385254122895
Benchmark\Very_Mild_Demented\augmented_114_verymild_1631.jpg,Very_Mild_Demented,Mild_Demented,3.2452505178814066,1.0024447142691715,-0.24784647173664573,2.032363008277576
Benchmark\Non_Demented\non_2810.jpg,Non_Demented,Very_Mild_Demented,0.9426368689160645,-0.22043314461710145,2.1458256842160224,3.1934310265402206
Benchmark\Mild_Demented\augmented_32_mild_216.jpg,Mild_Demented,Mild_Demented,3.236013715314052,1.0074780535016459,-0.24603302457018505,2.09005071216765
Benchmark\Very_Mild_Demented\verymild_1700.jpg,Very_Mild_Demented,Very_Mild_Demented,0.8980007946705953,-0.15870174101513707,2.0487386926386404,3.18031870431671
Benchmark\Very_Mild_Demented\augmented_12_verymild_1575.jpg,Very_Mild_Demented,Mild_Demented,3.2310391467736803,0.8609022237398309,-0.22977345083551598,2.1344830947149225
Benchmark\Non_Demented\non_577.jpg,Non_Demented,Very_Mild_Demented,2.112537436823839,-0.22788269619603813,0.8864184457729093,3.2281214443176043
Benchmark\Moderate_Demented\augmented_46_moderate_35.jpg,Moderate_Demented,Mild_Demented,3.2410339310987557,0.994641805337256,-0.24646367158196056,2.064963697396127
Benchmark\Moderate_Demented\augmented_200_moderate_13.jpg,Moderate_Demented,Mild_Demented,3.23673893611697,0.9317982537078071,-0.2439059607119051,2.1160083248925097
Benchmark\Non_Demented\non_1323.jpg,Non_Demented,Non_Demented,-0.2546681110180986,0.8085497735817604,3.251771993140242,2.19999008774407
Benchmark\Very_Mild_Demented\verymild_1048.jpg,Very_Mild_Demented,Very_Mild_Demented,-0.21548506777598864,0.8863662885659634,2.16279921298781,3.1939260753889434
Benchmark\Non_Demented\non_1303.jpg,Non_Demented,Non_Demented,-0.2486680030013425,0.8107439817209523,3.247770976344235,2.191781407894373
Benchmark\Very_Mild_Demented\verymild_1485.jpg,Very_Mild_Demented,Non_Demented,-0.21652987557787198,0.8345932370625178,3.1962176538787843,2.1948917300128317
Benchmark\Non_Demented\non_1336.jpg,Non_Demented,Very_Mild_Demented,-0.11356072309581047,0.897033055118197,2.010696881267827,3.1606696183882406
Benchmark\Mild_Demented\augmented_109_mild_546.jpg,Mild_Demented,Mild_Demented,3.2429890667641836,0.9179165623492309,-0.24171224424280216,2.0719533621107904
Benchmark\Non_Demented\non_293.jpg,Non_Demented,Very_Mild_Demented,0.9651741672077084,-0.22529182566016018,2.122143392839306,3.2062786618863606
Benchmark\Mild_Demented\mild_715.jpg,Mild_Demented,Non_Demented,1.0142428631063707,-0.15228380210949968,3.0802089055398807,2.108048069450677
Benchmark\Mild_Demented\augmented_50_mild_81.jpg,Mild_Demented,Mild_Demented,3.2440419887056264,2.0614602141793066,-0.24960036585798667,1.0070953712945838
Benchmark\Very_Mild_Demented\augmented_196_verymild_1749.jpg,Very_Mild_Demented,Mild_Demented,3.2391056122793005,0.9612273676049461,-0.24620371727848206,2.098561324382877
Benchmark\Very_Mild_Demented\augmented_70_verymild_1643.jpg,Very_Mild_Demented,Mild_Demented,3.23864911379518,0.9197618653323199,-0.24373210074500112,2.1135637980487663
Benchmark\Moderate_Demented\augmented_212_moderate_15.jpg,Moderate_Demented,Mild_Demented,3.2401412321570304,0.9973249044095358,-0.24618701745247193,2.067989977800555
Benchmark\Very_Mild_Demented\verymild_401.jpg,Very_Mild_Demented,Mild_Demented,3.1972177032207636,-0.20445707037997196,0.8260093395626171,2.1838222801098905
Benchmark\Very_Mild_Demented\verymild_2119.jpg,Very_Mild_Demented,Mild_Demented,3.2037420753335613,-0.20770278347705268,0.8932670719296911,2.1185720255676683
Benchmark\Non_Demented\non_3023.jpg,Non_Demented,Very_Mild_Demented,0.9065083180640626,-0.22788410407915657,2.173993783041848,3.197772253019919
Benchmark\Very_Mild_Demented\augmented_250_verymild_1062.jpg,Very_Mild_Demented,Mild_Demented,3.243226681955727,0.917059340773744,-0.24580538259938092,2.101888770185794
Benchmark\Moderate_Demented\augmented_35_moderate_55.jpg,Moderate_Demented,Mild_Demented,3.243096956235385,1.037986475487879,-0.24848922031282683,2.031989361846529
Benchmark\Very_Mild_Demented\augmented_15_verymild_1531.jpg,Very_Mild_Demented,Mild_Demented,3.2374025929663297,0.9107576592864473,-0.2394337318441245,2.1019759964354314
Benchmark\Non_Demented\non_2201.jpg,Non_Demented,Mild_Demented,3.1434326281014697,-0.17065429751875166,0.911681898308813,2.1318237279301235
Benchmark\Moderate_Demented\augmented_39_moderate_64.jpg,Moderate_Demented,Mild_Demented,3.2378135591570034,2.096029487392828,-0.2472555269470041,0.9928621079991332
Benchmark\Moderate_Demented\augmented_59_moderate_43.jpg,Moderate_Demented,Mild_Demented,3.2420357303268115,1.0006545369508,-0.24795414744107175,2.0669056688902057
Benchmark\Moderate_Demented\augmented_152_moderate_2.jpg,Moderate_Demented,Mild_Demented,3.23798344556578,1.0200955416098991,-0.24423284833550657,2.0510971117720183
Benchmark\Moderate_Demented\augmented_69_moderate.jpg,Moderate_Demented,Mild_Demented,3.2431267930149748,0.9780475374647236,-0.24547882478090552,2.0482938170713405
Benchmark\Non_Demented\non_2887.jpg,Non_Demented,Mild_Demented,3.143934358869246,-0.21800671735690894,1.071268291546527,2.153971399660395
Benchmark\Very_Mild_Demented\augmented_7_verymild_2201.jpg,Very_Mild_Demented,Mild_Demented,3.2068763943337695,0.8192034190352384,-0.213564526932694,2.1904228308279152
Benchmark\Very_Mild_Demented\verymild_568.jpg,Very_Mild_Demented,Non_Demented,-0.23526956414651054,0.819538665883892,3.2168687679313477,2.210672533152577
Benchmark\Mild_Demented\mild_46.jpg,Mild_Demented,Mild_Demented,3.2406485888795316,0.8075959823618375,-0.20158676347619958,2.0767141022878515
Benchmark\Mild_Demented\mild_748.jpg,Mild_Demented,Mild_Demented,3.1493636659852307,-0.18311262690459548,0.9091141838418562,2.146270495198797
Benchmark\Mild_Demented\augmented_32_mild_319.jpg,Mild_Demented,Mild_Demented,3.234781283572104,0.9774492224065412,-0.24438091337978562,2.1014614548470876
Benchmark\Moderate_Demented\augmented_240_moderate_19.jpg,Moderate_Demented,Mild_Demented,3.2420450784637938,0.9655327659147103,-0.24600620626321937,2.073110733184387
Benchmark\Mild_Demented\augmented_190_mild_767.jpg,Mild_Demented,Mild_Demented,3.221961535362186,0.8601459865794325,-0.23068320619742114,2.1647392538487455
